poi_id,cover_image_url,gallery_image_url
POI_NT_0034,https://dp4vloz0pttrs.cloudfront.net/uploads/image/cbfdaed75a566e9d067640d0a4af334c00e97353dd45c49426bf2a26ee043d03.jpg,"https://dp4vloz0pttrs.cloudfront.net/uploads/image/4fb853c60e1b678c98cd8d3dcee1e463fb7f4da3879af39563b6a7312a6b635d.jpg,https://dp4vloz0pttrs.cloudfront.net/uploads/image/bba07b11746b4d3a76963027d3fc3eac93657abef2a9bd753e1ea3ca22820fc2.png"
POI_NT_0226,https://dp4vloz0pttrs.cloudfront.net/uploads/image/d2b3372dc51c4e9d83acea10a47c76ee28682c63a35ba0f3cba50fb112e2ded9.jpg,"https://dp4vloz0pttrs.cloudfront.net/uploads/image/2dd49e9fd050184d16087810dacefd99cd3c8a64e7286a6c547b15e0114c8a64.jpg,https://dp4vloz0pttrs.cloudfront.net/uploads/image/1d4d699ea6720490991d1c23c721650c27cba51f685c1221e437bcfc1a0f20d4.jpg,https://dp4vloz0pttrs.cloudfront.net/uploads/image/a729c6a6fca0dcd9f34c24d1326ba8b1ac034da73893fd36107df4f08142b54c.jpg"
POI_NT_0227,https://dp4vloz0pttrs.cloudfront.net/uploads/image/823d47ee240e05ba9039a3d70e8702d7165e9357e1c6955c28083cec306894ca.png,"https://dp4vloz0pttrs.cloudfront.net/uploads/image/13060e834a11782beeb3558eab321b78919c5987084b839bcdf21c279813dbf0.jpg,https://dp4vloz0pttrs.cloudfront.net/uploads/image/fd4838f637f5a58b1c0f9b3506c32b6cb9b612837648827c4dfc2c30b74da188.jpg,https://dp4vloz0pttrs.cloudfront.net/uploads/image/89c6e1e57a98c25dbafdd9e4f5be7d8f36309bc4385d81856aba964838588125.jpg"
POI_NT_0228,https://dp4vloz0pttrs.cloudfront.net/uploads/image/f3a5d3379722ee5dad4df466b7aa79ac1c0e4a6fb9a594c265248b21769d719b.jpg,"https://dp4vloz0pttrs.cloudfront.net/uploads/image/cdb046515fd8e74deb8fdf1ff84db5affee31a9af563096f353466855423bfc3.jpg,https://dp4vloz0pttrs.cloudfront.net/uploads/image/ce69d2abd2b6f5a24511bbb1bba0f19196cdee05d0a58b55b523bf2d0da24c10.jpg,https://dp4vloz0pttrs.cloudfront.net/uploads/image/aaef6ca021214d378938ba9f0bc500bebba95b3139bc73b03acb74b1fc84b6fb.jpg"
POI_NT_0229,https://dp4vloz0pttrs.cloudfront.net/uploads/image/dcd7056663d7a06e4fa2b3c623138b32377d576a9ad0e616c2159db017112ed8.jpg,"https://dp4vloz0pttrs.cloudfront.net/uploads/image/b0615c708d706474ce2d5274885de89c84d0d1e84ff97c9e4f837d188534fe1b.jpg,https://dp4vloz0pttrs.cloudfront.net/uploads/image/b17f5d28186e5bbe7c5ce551af5fa3ea6527c4922bbac860cd1069a4500e8244.jpg,https://dp4vloz0pttrs.cloudfront.net/uploads/image/97d42945c0fc857d19160341e719d4308b39c9abee51e4d5bfca8106ba322a57.jpg"
POI_NT_0234,https://dp4vloz0pttrs.cloudfront.net/uploads/image/78ce533577111daed3ca0f26f7ab7bcb35db3def52e3711bdbfede4d02765c28.jpg,https://dp4vloz0pttrs.cloudfront.net/uploads/image/78f1415c0607b1530372900f134c01ec052a7e39b1893a133c27458f37a9556d.jpg
POI_NT_0247,https://dp4vloz0pttrs.cloudfront.net/uploads/image/228293c1be85a5bacfce791507da1cc58777f58b3c230614303e7e9a2564c737.jpg,https://dp4vloz0pttrs.cloudfront.net/uploads/image/87ffc82b7f2903c87717648f72695a1069dbbde80df1cd068ac63da778a901fa.jpg
POI_NT_0253,https://dp4vloz0pttrs.cloudfront.net/uploads/image/2393961c43961913965611bde4098d5446aef548b37d50d5f94f7260aa14b980.jpg,"https://dp4vloz0pttrs.cloudfront.net/uploads/image/9c9786e8b0fa7694b3477683fb3e58f265aab9391ffe5c2623f109a52cb3f42a.jpg,https://dp4vloz0pttrs.cloudfront.net/uploads/image/cdc3861b3d4b76e24a9fb6ed1545bbbc20c7cf0e16280c4202eef8f01fcac440.jpg,https://dp4vloz0pttrs.cloudfront.net/uploads/image/2a0c82dae4587dcf69d437314112422e80b762c0e54c41cb6e6196ad805aeec4.jpg"
POI_NT_0300,https://dp4vloz0pttrs.cloudfront.net/uploads/image/5eb4c1d740bcc0ecde7369f81b2aeb7c944031ffb3e7d87e2906c206a5f07b21.jpg,"https://dp4vloz0pttrs.cloudfront.net/uploads/image/7cfa18ff00fe8567f27d0c25149f90f8d0ec2c428dc90eeb83be57b445b7d9ff.jpg,https://dp4vloz0pttrs.cloudfront.net/uploads/image/138aede3ab6d436dcbb20fa596c646d89faa241ee9ee65bc703885e0d72a397c.jpg,https://dp4vloz0pttrs.cloudfront.net/uploads/image/3ad599777fe1ece86c6a260ba1484e52a8d1b369ec0a23ebbcf1fd6d0aeb19ae.jpg"
POI_NT_0303,https://dp4vloz0pttrs.cloudfront.net/uploads/image/44c388a72ad019ae8d46f016a78ed71cbcfbe4e2dad26827eff3503de8fb7055.jpg,"https://dp4vloz0pttrs.cloudfront.net/uploads/image/681cf5156cd3f0d656b7a505c313ce87f3d2a563ec34ba8b6fb4f320d7938918.jpg,https://dp4vloz0pttrs.cloudfront.net/uploads/image/574a7d5d3b850ec97c5721d5f3be51d14a89fa27d79cc5cad0a8a695e59fbc96.jpg,https://dp4vloz0pttrs.cloudfront.net/uploads/image/7a448b029a18f481609701cc68e103922ae3e0f02a88e1240e8b57279abe3799.jpg"
POI_NT_0305,https://dp4vloz0pttrs.cloudfront.net/uploads/image/05c71c8b4ff0fe7637745fbffd4f3a8a6ced30a45e82b3d82e1e0de029da31d2.jpg,"https://dp4vloz0pttrs.cloudfront.net/uploads/image/e5ed85853b13d2e8d14ab0c54e21d56d7c57d23fd658b2eae05f9036bb491adf.jpg,https://dp4vloz0pttrs.cloudfront.net/uploads/image/c26423b55e97e3039cfa1320580ccb84063fbfe0e2d78cc99f04756b078faeac.jpg,https://dp4vloz0pttrs.cloudfront.net/uploads/image/0ea9f082f80d84dd6e1ceaad7df069ac08666122f30c26593e1748f0423619d8.jpg"
POI_NT_0306,https://dp4vloz0pttrs.cloudfront.net/uploads/image/c00d8ad9c53c5413bc7b1403421d6ae0bf2364fab06697b81c0b5a0801564c60.jpg,"https://dp4vloz0pttrs.cloudfront.net/uploads/image/8f89029e73c1876cf64babca78fb4d6f9e846994226207d39de8982b9cf93b29.jpg,https://dp4vloz0pttrs.cloudfront.net/uploads/image/838f531842bd600e39ec2e4223dfdafe0532ecb015409365c28ef4702da82ca5.jpg,https://dp4vloz0pttrs.cloudfront.net/uploads/image/292011c69af9390979e8052a173658a583de5f9bf698b665c80763b7d8ef61ac.jpg"
POI_NT_0307,https://dp4vloz0pttrs.cloudfront.net/uploads/image/fa801ed3508dde4b9965c9cbff37e1455dd0a2fae9f925c2dc1432d75b963b4e.jpg,"https://dp4vloz0pttrs.cloudfront.net/uploads/image/cc3eaa1864178e61e3729a201fd1240d4e4c787eefabb32d6ea4ae52bcdd103f.jpg,https://dp4vloz0pttrs.cloudfront.net/uploads/image/ed8303c9b9bd2d91c5598eda807bb86cd3d6c814868a60ad823ba7a3dac4991c.jpg,https://dp4vloz0pttrs.cloudfront.net/uploads/image/f1e95841eb0ad6d34dfff226462a210bacf0e8ef16dd0ea6d79d31706fd1fe6e.jpg"
POI_NT_0310,https://dp4vloz0pttrs.cloudfront.net/uploads/image/60b68bd733495d60bf82f3454508df104d3574b836a76ba898328bc3e6344dbf.jpg,"https://dp4vloz0pttrs.cloudfront.net/uploads/image/3aee4103ce6810c5c5504cad697692f5d870ff8ddfc15cb61c8bcf1e4588b8b2.png,https://dp4vloz0pttrs.cloudfront.net/uploads/image/c818e095e2a64c9f7bf84ef414c4bf8c94a4b6eae407e23cf4a90bd758b26bf6.jpg,https://dp4vloz0pttrs.cloudfront.net/uploads/image/fd75e4e9dd683c8b961a60c48178bbf886b6665ab8b488cd4c7efa2f732caadf.jpg"
POI_NT_0311,https://dp4vloz0pttrs.cloudfront.net/uploads/image/525b07df8f958dbfd554926be35da2951dd637288410aaa471e25e11fa138a7d.jpg,"https://dp4vloz0pttrs.cloudfront.net/uploads/image/da2776c0fbfa81d3704030b65bac84896f332fa0fceabe8e603b9a16b1d6470f.jpg,https://dp4vloz0pttrs.cloudfront.net/uploads/image/b6b07273da2172fdc167b157d809f4c4c50b9773e28d9d68172bd5cc8592db78.jpg,https://dp4vloz0pttrs.cloudfront.net/uploads/image/f69d909f65fa9228932e0a34f2882941be2a2a46d8692ad29c1e3b082dbf980c.jpg"
POI_NT_0312,https://dp4vloz0pttrs.cloudfront.net/uploads/image/bf5a9a8cafc4ceee5eb18ca3e86428d3e397cfee1591d3e35b95e1fa4ae1f1a7.jpg,"https://dp4vloz0pttrs.cloudfront.net/uploads/image/cc7a750a033413705bf88bf5fc7ce4247cfed9bf4c14047d387cf6ef088c1d24.jpg,https://dp4vloz0pttrs.cloudfront.net/uploads/image/8c52dfe3bdd1aca98cef24226e5ecffdf79327346246c0fe30c5beccea23f4de.jpg,https://dp4vloz0pttrs.cloudfront.net/uploads/image/a7129cc27179190a8ae64c2f9952599ae5300f9fcbb87a6d8045a0e7d9bd4fc0.jpg"
POI_NT_0313,https://dp4vloz0pttrs.cloudfront.net/uploads/image/0b91fe13cf171ceed084b8d780eba01ca2852552a314fd102ca9047ab11aecac.jpg,"https://dp4vloz0pttrs.cloudfront.net/uploads/image/8520cae58ff010e3d793b8803d5f84e79ec95fc6ed6daa4ae0c24a301aff1ec4.jpg,https://dp4vloz0pttrs.cloudfront.net/uploads/image/f2376a6275bddc14e2297ae0e212dc800ebe2945e58d652d2d19d7d970090b35.jpg,https://dp4vloz0pttrs.cloudfront.net/uploads/image/470192ae1f60be1bbfec6d2e036ebf0655733c668fa49164825c731507efa4a3.jpg"
POI_NT_0314,https://dp4vloz0pttrs.cloudfront.net/uploads/image/d6ff6172f5bf426ea2587dee241093565fc7eaf4d808812dc321ff0646373bfb.jpg,"https://dp4vloz0pttrs.cloudfront.net/uploads/image/14b09f1007c5c7fc2d977c66af4ad488d70841efbac20ad95d4ddb918a580f22.jpg,https://dp4vloz0pttrs.cloudfront.net/uploads/image/18656813f4a5e5f7478f85e9e732019f3ceba1b22881823a5571e8ecd9cc25e3.jpg,https://dp4vloz0pttrs.cloudfront.net/uploads/image/854dd0aabb48ecee1b87f0fa02d142c53adc6fc730d30abdcd7fe39900ec3104.jpg"
POI_NT_0316,https://dp4vloz0pttrs.cloudfront.net/uploads/image/64f960d4d0b889414036999832b44872965e34562a06c3874174ddf7f360ce94.jpg,"https://dp4vloz0pttrs.cloudfront.net/uploads/image/c3d9ac50a79bbc029b392daa627362cd62f3eea042bc9df07849c525c119a852.jpg,https://dp4vloz0pttrs.cloudfront.net/uploads/image/a22544d3e55296a28fcc39c8e71ccfe7829b6b3491fc7c0097887b64f047a565.jpg,https://dp4vloz0pttrs.cloudfront.net/uploads/image/9d3c5df185a873bcebea00df86cc42979c937118942675d03b1835980793287f.jpg"
POI_NT_0318,https://dp4vloz0pttrs.cloudfront.net/uploads/image/5137ff8cd4bc147b0bcb4e0993ae260849bf7653f94d915dab077ce2f1ab9a40.jpg,"https://dp4vloz0pttrs.cloudfront.net/uploads/image/ccb4ac5cc4d3c866eb9560aa9f42f57992e0e4d13b8b6f53e1fcdcc1252e40dc.jpg,https://dp4vloz0pttrs.cloudfront.net/uploads/image/3af201ce0ff56a0546a58da0668fb9c293d455a2808b0a743555b64bf573d933.jpg,https://dp4vloz0pttrs.cloudfront.net/uploads/image/e8125f817f8ccfe613f80151f5012bd15ddf52242a200837df5f1e1d7bafeeb6.jpg"
POI_NT_0319,https://dp4vloz0pttrs.cloudfront.net/uploads/image/db48ab4b8d51e81a69d2c9b76d4ea0a34e4d00ab14aec39220311d379f3167bc.jpg,"https://dp4vloz0pttrs.cloudfront.net/uploads/image/0b325f9809cb638ca06930af91f8edb01bd12ffe9fdeea73dc75d2cc36f61905.jpg,https://dp4vloz0pttrs.cloudfront.net/uploads/image/3c0b5f6ca3341b23b3c51198a2f69cb188d9806840f28359309a4a4b8f2faa9a.jpg"
POI_NT_0321,https://dp4vloz0pttrs.cloudfront.net/uploads/image/a7e2f7242b09aa4ee6c453e33422a048410489504c848c838258c7133bcd6e32.jpg,"https://dp4vloz0pttrs.cloudfront.net/uploads/image/3d92f96d8a9cf548383d21b3e8fef4470109c7ac1433b213952282dd4255d0f1.png,https://dp4vloz0pttrs.cloudfront.net/uploads/image/3a189c17902fc92fc0d9cac5858f78fee9339b1e202f91d908adca849c6ee765.jpg,https://dp4vloz0pttrs.cloudfront.net/uploads/image/72a3d8161c6e01e1fd04b9f32bfd306f0766828413d7b8979436976179a17243.jpg"
POI_NT_0322,https://dp4vloz0pttrs.cloudfront.net/uploads/image/1c5e837b9076c0495200137081c4a513eb256b2ce7b39ae160108d2e85a83479.jpg,"https://dp4vloz0pttrs.cloudfront.net/uploads/image/2cfedf1d9fcf549cb598f61bead6c6779e09b187521f0303d1d42d5943e2b70b.jpg,https://dp4vloz0pttrs.cloudfront.net/uploads/image/c7b4185933ec06143c110748a6c47203cb1f36d9b5b4d97816a2084efe8bbb44.jpg,https://dp4vloz0pttrs.cloudfront.net/uploads/image/b3fdec56b5f5324161be8ce0cebd4c656950e1c149b34c7d26ab146aeec16431.jpg"
POI_NT_0323,https://dp4vloz0pttrs.cloudfront.net/uploads/image/c77a66ec44420775b197561c22b49b3604a16e210d0536166bae40fffe294428.jpg,"https://dp4vloz0pttrs.cloudfront.net/uploads/image/b0b6c95a2d449b7ad8050bcfbfc4524ba4b219785e02ef83f9877c066c40bc3e.jpg,https://dp4vloz0pttrs.cloudfront.net/uploads/image/a16cf1b8b22f2a335274d3386639851005368cfa8df9acccf286fc4d13e729e3.jpg,https://dp4vloz0pttrs.cloudfront.net/uploads/image/500cb22d68eada4b38e0d4df17ba4e991620fd5b272926f0cfe68a01f7fa379c.jpg"
POI_NT_0324,https://dp4vloz0pttrs.cloudfront.net/uploads/image/b0463b7f85e4b1a3404aecfffe056eae4073a685dc9e414396f35eccca5b62fc.jpg,"https://dp4vloz0pttrs.cloudfront.net/uploads/image/e7263e191bbfdc4a2908b57f17184d34fc40758e4b3bba5953360b3686d1dffd.jpg,https://dp4vloz0pttrs.cloudfront.net/uploads/image/471d695b1e111be4801a56308a6f272e4078b4ba7bb33cc164595bc73c038201.jpg"
POI_NT_0325,https://dp4vloz0pttrs.cloudfront.net/uploads/image/319fd8786fb0fd1c5dd8c6efdc22ae4f0498f1174bfdb1f8675cf9e73d3c7880.jpg,"https://dp4vloz0pttrs.cloudfront.net/uploads/image/8b94957d6039f9eca6bc9927bd5426619daf3b6e2450212939142d4129473a60.png,https://dp4vloz0pttrs.cloudfront.net/uploads/image/0de95d2d711a367c88446cd0d6067c9e62cc44a774a1e2308e347d517ded978c.jpg,https://dp4vloz0pttrs.cloudfront.net/uploads/image/65d47d52ded8e06527db44afa7aaab816f4b011df7d5fec58e8055cacdc018e0.jpg"
POI_NT_0326,https://dp4vloz0pttrs.cloudfront.net/uploads/image/940bc17871b58628110b3ce0f765f674878eca9db4b2b8a1740a5e450afab9fe.jpg,"https://dp4vloz0pttrs.cloudfront.net/uploads/image/127e2c21aac1d703692a07b6a12b1ba8db3dd60d4dfa01c3a0f5de33ca336e5b.jpg,https://dp4vloz0pttrs.cloudfront.net/uploads/image/940bc17871b58628110b3ce0f765f674878eca9db4b2b8a1740a5e450afab9fe.jpg"
POI_NT_0327,https://dp4vloz0pttrs.cloudfront.net/uploads/image/8b445b957915e5db19beb7ac82d5b80752cd9f28cd4171616387afffb7705ffa.jpg,"https://dp4vloz0pttrs.cloudfront.net/uploads/image/e77c445ba0621d4e8c089f3f8ab6e1e44592799e1a9f526bf5b32b2080cb3ee0.jpg,https://dp4vloz0pttrs.cloudfront.net/uploads/image/14351f6d7f5cb3323a8bba4ec1e5ccc2fa902070addaee1ac80a7e476f0d270d.jpg,https://dp4vloz0pttrs.cloudfront.net/uploads/image/b0c26b0c55dcc12834e7dcfaa199985f54894b644340ffedeeaa9e5078d31406.jpg"
POI_NT_0328,https://dp4vloz0pttrs.cloudfront.net/uploads/image/16fcd64e3fff51a23a6b7d248fe5a55cc25f6a46732812cbe1cb334cfc28efd8.jpg,"https://dp4vloz0pttrs.cloudfront.net/uploads/image/0caa8140195e44152b61bee3a4fb566fa158cca0eff204a756f54f86eb008efe.jpg,https://dp4vloz0pttrs.cloudfront.net/uploads/image/15c67f48fa5d32360f4f6f4aafb6d46dee862ba0d6b202aaf9287b4c402a8d91.jpg,https://dp4vloz0pttrs.cloudfront.net/uploads/image/bd6259dc8a59c19ee964e49dbb6d5e25f82e3b6405b864d4b70680516443dc5f.jpg"
POI_NT_0330,https://dp4vloz0pttrs.cloudfront.net/uploads/image/217fe1ca0eab899f951a4435bdf11fec25fd7318c4f9fa6126a05e4f02e91a69.jpg,
POI_NT_0331,https://dp4vloz0pttrs.cloudfront.net/uploads/image/0dc57b20ec927ea60e6587fe1d26ca3cd67fbaed12594ca7e12a7f8017389114.jpg,"https://dp4vloz0pttrs.cloudfront.net/uploads/image/3682a17edd2452b939dc5d44d4a6fccdb7c3a7bf256735d343de92ecec2ef79b.jpg,https://dp4vloz0pttrs.cloudfront.net/uploads/image/71c1e39b195ff00b66252afe1099db50b8b120562b4912d32122028bee239ed6.jpg,https://dp4vloz0pttrs.cloudfront.net/uploads/image/a22b12ee284ff19aaaf46b8bdac81c7a3733341a013cafaa39c84f7404b88a57.jpg"
POI_NT_0332,https://dp4vloz0pttrs.cloudfront.net/uploads/image/83f93d3cec7f3b773c9d803727dde5e62f0142eae0717719cc6d2be03996718d.jpg,"https://dp4vloz0pttrs.cloudfront.net/uploads/image/350338375662f1204cee0cb95cade68e2d726bdcd14f932956a50b91d1f03026.jpg,https://dp4vloz0pttrs.cloudfront.net/uploads/image/aab5532811f4bd4c2f1a96da57d8f1e731d4eff66be9001a7158659eeda7c73e.jpg,https://dp4vloz0pttrs.cloudfront.net/uploads/image/a549766c916a165099c6911050a545533a79870749df155b56dc382d423b2840.jpg"
POI_NT_0333,https://dp4vloz0pttrs.cloudfront.net/uploads/image/4a790ac1cbc74a55c4b31816e0f5a647ee8b69fad057da10549a17863ad992c6.jpg,
POI_NT_0335,https://dp4vloz0pttrs.cloudfront.net/uploads/image/07565b02f99c3e868b36fefd964d9a83121f8a889179dac70bb21ec5f68c6fa4.jpg,
POI_NT_0336,https://dp4vloz0pttrs.cloudfront.net/uploads/image/78b3b27ede33139596bbd7355f57b08702f30cbfd208675eddb484fd566697e3.jpg,"https://dp4vloz0pttrs.cloudfront.net/uploads/image/bbc263a79d4f1692b4c9303683d51e40523c545bf23e9930ae8508220453c049.jpg,https://dp4vloz0pttrs.cloudfront.net/uploads/image/27153da2c5e5eeddd31fdd4316363f2a29426b8840acc55602dcd1f91e8fb2c3.jpg,https://dp4vloz0pttrs.cloudfront.net/uploads/image/daf4b3ae7c5c492f25d10e47d38d15ff2fa213118864cb1a7b3dfd44e1af040a.png"
POI_NT_0338,https://dp4vloz0pttrs.cloudfront.net/uploads/image/ce3d9262147bd5ee0a55bb09b4e5d5aab72b243592fafd64f84a1630b99e0648.jpg,"https://dp4vloz0pttrs.cloudfront.net/uploads/image/a4e3527e294f2b2356b0fed8646b67456d23f3157a58cca014d811152c37bd84.jpg,https://dp4vloz0pttrs.cloudfront.net/uploads/image/30bcffc437e980e35161251a3020a72dcf130ebc4afb41cd9839e4095c97297c.jpg,https://dp4vloz0pttrs.cloudfront.net/uploads/image/663c399a79adedb3c699206561c5a8be949ec1daf5d4751ba807aa2c69de1344.jpg"
POI_NT_0339,https://dp4vloz0pttrs.cloudfront.net/uploads/image/c1583ec3434d12a3aef325b96d79c37a8afdda1657e61efe183289f7f316aa15.jpg,"https://dp4vloz0pttrs.cloudfront.net/uploads/image/5f71b5832615776e71391cbb9739778437c635db72aa7d983437b09fe9805a3d.jpg,https://dp4vloz0pttrs.cloudfront.net/uploads/image/de6a07cec0809f2edfc364d7ad6df2ff59f44df4a9ba077bbcb8ca9427f935fc.jpg,https://dp4vloz0pttrs.cloudfront.net/uploads/image/388fd13ae1c94e022aa528b8fb079bbd940a531640fac5332e4d1338adf7bf51.jpg"
POI_NT_0340,https://dp4vloz0pttrs.cloudfront.net/uploads/image/01d908e0488d3564e1c4435cd440380aea2afcf93032bacc5753530d8c9d5f02.jpg,"https://dp4vloz0pttrs.cloudfront.net/uploads/image/a098b3214e992974311b47ca826634fa2760ba4ec849ca0c77f6f3a1efdca6e2.jpg,https://dp4vloz0pttrs.cloudfront.net/uploads/image/0eb2304966fc31c699f7bb7e3b0e94c9fbe4d9396f3c55ff5e850c5d3525aa6c.jpg"
POI_NT_0341,https://dp4vloz0pttrs.cloudfront.net/uploads/image/26ba37a13c0a452ab1656dd764eaec8ec1e2380cc46e35598eb91b4db1776941.jpg,"https://dp4vloz0pttrs.cloudfront.net/uploads/image/38a903a5bdd45d3570c49531a183a9dfe587a3a7701a7f3713a4454736ccb074.jpg,https://dp4vloz0pttrs.cloudfront.net/uploads/image/95ed7f52ee16398ea7815792e12bbaffd8199a540fbf47e63df170fd50607ed5.jpg"
POI_NT_0342,https://dp4vloz0pttrs.cloudfront.net/uploads/image/892aeb367d16b8ab87a1acd1ce6f27581ed2b378d8aebcd5ff9ad08bef5e2b8c.jpg,"https://dp4vloz0pttrs.cloudfront.net/uploads/image/e4deb2e798c34a0e3a908d28378676b347826dcd5b63a9049df06e528865e667.jpg,https://dp4vloz0pttrs.cloudfront.net/uploads/image/ef3c962cd7b68f154a03845be23bf2245cb7922d35b2bee596a3eb9e52f01062.jpg,https://dp4vloz0pttrs.cloudfront.net/uploads/image/3eb21dbc548f3d2513d8b62c22ae972739e8ca8a95a7988d4f2d5ff966f9b45d.jpg"
POI_NT_0343,https://dp4vloz0pttrs.cloudfront.net/uploads/image/53f50a7deac2054ed7c7c5f4355a374c0ffa00a61332d37e89f7b5b6bb27c1a1.jpg,"https://dp4vloz0pttrs.cloudfront.net/uploads/image/2fa920deb19bfdcbeaf0f61b8a3205babb90fcfa6a763e9de9773ffd605cb2f7.jpg,https://dp4vloz0pttrs.cloudfront.net/uploads/image/3b42bbee4f124ef2718e244de672371ed29e4de13abd487a4538e0fe7fe2c7ec.jpg,https://dp4vloz0pttrs.cloudfront.net/uploads/image/972f695154d78296d1473b625767c78aa374992c9499723ecc7d8149ddca97ff.jpg"
POI_NT_0344,https://dp4vloz0pttrs.cloudfront.net/uploads/image/937840fa7e219f37d7593e010347646702d58822d02de62e2dba383161f1a6c6.jpg,"https://dp4vloz0pttrs.cloudfront.net/uploads/image/0d35dbd564e95b5ccc1cb1efc4032ea30efb842b71a2b55b3b38782dcfeb6c22.jpg,https://dp4vloz0pttrs.cloudfront.net/uploads/image/dd0279f746d0272c457d691a3bf985e85b76b491e26dcf21a834f88fca87ba31.jpg,https://dp4vloz0pttrs.cloudfront.net/uploads/image/e4bf815a45ed3248500b62011816d77d84912a20e57c51f785d2c064212d0a92.jpg,https://dp4vloz0pttrs.cloudfront.net/uploads/image/7ccace55aec488df63a398d84168dd07dfbaddcb589b0f4e011ee70c13b1386b.jpg"
POI_NT_0345,https://dp4vloz0pttrs.cloudfront.net/uploads/image/45dda3f32a1f507a22220a7228991869765630edf7e25571792a0eff4b7c9b6c.jpg,"https://dp4vloz0pttrs.cloudfront.net/uploads/image/1a0dde9cb028d9f48797517687036cca2ab4406e7c833617de787762b6d247ed.jpg,https://dp4vloz0pttrs.cloudfront.net/uploads/image/ca0287ff23fe92e4a15e44155a55057a984c34dcc5824b46aec3a0a797d8bb10.jpg"
POI_NT_0346,https://dp4vloz0pttrs.cloudfront.net/uploads/image/38d4792416f708073ccd4b0c200d500b6c5fc79ecc4aef5d2c69a771e15f9338.jpg,"https://dp4vloz0pttrs.cloudfront.net/uploads/image/3358c9e28ef8f251888bdb22ff192887171d48882c617f6d872d6763dafba325.jpg,https://dp4vloz0pttrs.cloudfront.net/uploads/image/5ac285730d749d1f388701e99c80bf597d66a508c66899435ca86102d3e51adf.jpg,https://dp4vloz0pttrs.cloudfront.net/uploads/image/b6466cf29e62c1a97e448a8e0ad7a047cc4dde3745592a093fc0c8e20275cb84.jpg"
POI_NT_0348,https://dp4vloz0pttrs.cloudfront.net/uploads/image/d5d5ba656e6c554a794c82947fd0b78543d5ef62f5d146f83e43198086b3670b.jpg,"https://dp4vloz0pttrs.cloudfront.net/uploads/image/2b573ca62c88e90d120832c33fd3668d531b41e0fd52511fdbc504b6b0556821.jpg,https://dp4vloz0pttrs.cloudfront.net/uploads/image/3b92724ef7eb165a30a7c67e64dc52a62737a914d42106ec46afbaa47c02466d.jpg"
POI_NT_0349,https://dp4vloz0pttrs.cloudfront.net/uploads/image/b3bf49ca5bbad2d05a01c7c76408db7f045f1aac5612f8252234461a1ab6d091.jpg,
POI_NT_0350,https://dp4vloz0pttrs.cloudfront.net/uploads/image/3415e218014ae92e67dc5fa7cf71883776cd1ff955d98bb643cf9d29a58d1e15.jpg,"https://dp4vloz0pttrs.cloudfront.net/uploads/image/a573b01af95de327432876f0a4ba56e1b54709521c930e9e54b5203ba3138398.jpg,https://dp4vloz0pttrs.cloudfront.net/uploads/image/9651e60b56aae70ef29ebea6fe893084a66f6dbbe9b2eeca143b7b61868f0e89.jpg,https://dp4vloz0pttrs.cloudfront.net/uploads/image/ebace3c0c20c58643f85469d4b19b6d65213a96ef1a1d03a9a332691d3ae73b8.jpg"
POI_NT_0351,https://dp4vloz0pttrs.cloudfront.net/uploads/image/6bd65754544f0dcec9c5a0083918c99a415d291aa547e664bcd3491b5ef99053.jpg,"https://dp4vloz0pttrs.cloudfront.net/uploads/image/2b116d3a5c803bb187c646216ad862a18a7252122b9abde6532ccd4d6b54552d.jpg,https://dp4vloz0pttrs.cloudfront.net/uploads/image/91abf33ec948f751d772d8dfaa0de0979703959379c7965e702cff18e7884835.jpg,https://dp4vloz0pttrs.cloudfront.net/uploads/image/94cb26071653d43aa982ca5aa2831f0629131587c908e1c04636d7f55eee8b9d.jpg"
POI_NT_0352,https://dp4vloz0pttrs.cloudfront.net/uploads/image/8d58ff53512332bca7e6de6b5499e02817664dc6e62bf633b6b17d0e748e3873.jpg,"https://dp4vloz0pttrs.cloudfront.net/uploads/image/c45932e69106fa2eeb8990b3e5abb14ded13f004bd5c213f0a315ef0d4de93ec.jpg,https://dp4vloz0pttrs.cloudfront.net/uploads/image/a39ae5f6f75fa472f19ae477ca0dd7f460fd90a99770c7d18325f1628970fe18.jpg,https://dp4vloz0pttrs.cloudfront.net/uploads/image/d85e873f947bb17f10b80855eec255082c55c9f82d15f61f76793dbbfba4b100.jpg"
POI_NT_0353,https://dp4vloz0pttrs.cloudfront.net/uploads/image/42a639959c9672202ec1a95587b52702c4fa2ca11cfd7595b781c2901ce7d1ce.jpg,"https://dp4vloz0pttrs.cloudfront.net/uploads/image/89dd9b5bee91a9703bde414db0243780f1207a2f824de83521860527f68d74e0.jpg,https://dp4vloz0pttrs.cloudfront.net/uploads/image/0cf17a2db9218bdb389c88fb16cee8e2f3782aa4f65dbde4369f80ddcc76de78.jpg,https://dp4vloz0pttrs.cloudfront.net/uploads/image/5c1890aa70c88462294c0684554f1946beeddfdb5267dec261646e9c72c2fbf0.jpg"
POI_NT_0354,https://dp4vloz0pttrs.cloudfront.net/uploads/image/bfb28b9b8ea50fe11458723f37a46e443dd78a329ac751ff552d777c0069d1e8.jpg,"https://dp4vloz0pttrs.cloudfront.net/uploads/image/c46f1ee90f491c340244a678b6ae70b6a3c1bdaa3aafa977b30ec765519fee48.jpg,https://dp4vloz0pttrs.cloudfront.net/uploads/image/50070302f0e7b6d8f474b844b49e5ce60e7b1484e2c3a23d3b4341d69f6495cc.jpg,https://dp4vloz0pttrs.cloudfront.net/uploads/image/4de411fec6f090a974b31c5d707cdda0336638c517037c4b0c7d99c02c97cbe0.jpg"
POI_NT_0355,https://dp4vloz0pttrs.cloudfront.net/uploads/image/69e814a1fa1c2076dc36cb6c4663d2ce685802ddf7587c47caf7f2f833df51b1.jpg,"https://dp4vloz0pttrs.cloudfront.net/uploads/image/ee2eecb5d5c0327fa04194004efde7d81fc7a11345183a21ebff90f8867498b7.jpg,https://dp4vloz0pttrs.cloudfront.net/uploads/image/90ad273461a38c50c0094997a1a4d5d2a69893749e9772a32950f8aee750cd9e.jpg"
POI_NT_0356,https://dp4vloz0pttrs.cloudfront.net/uploads/image/fad3d0a1ec0dbe408c31d739bd0636730e5fc7a06e161c2b6a27e372914d0de5.jpg,"https://dp4vloz0pttrs.cloudfront.net/uploads/image/7919f7436449e46ea4c9ad604c765441687e908958ec7b4393cde59cd5371c1b.jpg,https://dp4vloz0pttrs.cloudfront.net/uploads/image/8f21e34a1cf5837e4b4ecf6aa499e68c4911d231aa1800e501b5441c4a373bc6.jpg,https://dp4vloz0pttrs.cloudfront.net/uploads/image/528f391bd58ebdf812782a58f7f4a225aa714fb90172c1fb674c04827375272c.jpg"
POI_NT_0357,https://dp4vloz0pttrs.cloudfront.net/uploads/image/4425b9d0cb76d8351d4217e73ef645abc37ff82e73b0a4592e3b96299f4e222b.jpg,"https://dp4vloz0pttrs.cloudfront.net/uploads/image/46d9ea21f33dcdcd1d2d763a2aee7a5925be836360514613bded37690a189807.jpg,https://dp4vloz0pttrs.cloudfront.net/uploads/image/d211d4431f4e83217beb3a9eb3d81069d607a0fd77d6b4924ae9235263eeef0f.jpg,https://dp4vloz0pttrs.cloudfront.net/uploads/image/4d005cc24d064f6f8d00f4ccbdc648344f3cf6fec10cc5566941ae0e18d707a7.jpg"
POI_NT_0358,https://dp4vloz0pttrs.cloudfront.net/uploads/image/cbbcc4f4f15a2a8deb7cac57b0872a1636d8890b45489dfc8e5c62d300f1bcb6.jpg,"https://dp4vloz0pttrs.cloudfront.net/uploads/image/7f9fb9a215c897eb7a62f648d9c8562a0e504ac8943975d9254936dff0589c24.jpg,https://dp4vloz0pttrs.cloudfront.net/uploads/image/abca6616b55454420546ba676b20fece5aba7423647c54672f4e5dd49c1e32b5.jpg,https://dp4vloz0pttrs.cloudfront.net/uploads/image/b199d37cd0e07228f85391381f2a675ab9add4be429171c9ff477cd43fdc02e3.jpg"
POI_NT_0359,https://dp4vloz0pttrs.cloudfront.net/uploads/image/278c9df9f14d84714dd0f2ab0a2f92565744f846c559ac15b28aaefec749b37e.jpg,"https://dp4vloz0pttrs.cloudfront.net/uploads/image/5b6829b4a730720582c0e0872bd9b806acb5e78e4df4e19e92d108cbc6a07743.jpg,https://dp4vloz0pttrs.cloudfront.net/uploads/image/0d6984900f7a3dd9a854997b061606d6af1201c664a549aeb0b8591ec1284b83.jpg,https://dp4vloz0pttrs.cloudfront.net/uploads/image/234398a5ad01365407464f0a022b6554e54dddccdb5c0578e0dee35b031f6f95.jpg"
POI_NT_0360,https://dp4vloz0pttrs.cloudfront.net/uploads/image/cb9cbe40484848b38f96c9cac4aec33ba7c1b99181243431e4b31babc9d4299b.jpg,
POI_NT_0361,https://dp4vloz0pttrs.cloudfront.net/uploads/image/eee48f37bc5dade491d560c7f01cbb841bcc21ffc4bf24b87d8ac6079200c4d3.jpg,
POI_NT_0362,https://dp4vloz0pttrs.cloudfront.net/uploads/image/ca6383829b65cefd2906a26ef16b3bb594dcaf6f584f0945b24e4327b3a7b323.jpg,"https://dp4vloz0pttrs.cloudfront.net/uploads/image/170ed46fad230be2db23edea6542fee1fb5abdc37344e28fc66f17ba0743f778.jpg,https://dp4vloz0pttrs.cloudfront.net/uploads/image/06af1993424a63580b7cb8387952aa874ff73d7953b77205cbc4617ccee5eb1d.jpg,https://dp4vloz0pttrs.cloudfront.net/uploads/image/3287f39151b1e30b23a14315cf9f2a07bfeabfbddbc190bf2f43ce5cca47211c.jpg,https://dp4vloz0pttrs.cloudfront.net/uploads/image/d3f66a68e428640eaa088d9eadabf537e79ac7c2785f07baecf3106844393b2d.jpg"
POI_NT_0364,https://dp4vloz0pttrs.cloudfront.net/uploads/image/9bcdf9bf9ece7b8ce04957dc0b2dcf4b0ffa1ca076a12bbbbfca95fdf6d98329.jpg,
POI_NT_0365,https://dp4vloz0pttrs.cloudfront.net/uploads/image/1d022a3b98d4dc29048d6e14909bac341da8e6356b6d8305707f37220bcb8d6a.jpg,"https://dp4vloz0pttrs.cloudfront.net/uploads/image/8d4cd33ef1625104851549114417bedc9563b95386e1e6a5cad9cffd1329b00d.jpg,https://dp4vloz0pttrs.cloudfront.net/uploads/image/ebc865126c13c5add0070dcebe120a9d27a484e76d98fec39b881eaf577ef206.jpg,https://dp4vloz0pttrs.cloudfront.net/uploads/image/c73fd1d388e67dff23fb653a3bcbe900de4400c4aaf2f9c89ad57473e2d01176.jpg"
POI_NT_0366,https://dp4vloz0pttrs.cloudfront.net/uploads/image/90908f027c82db1e682cb05adb83327f9285d4d584a8da2f45c35c5640506323.jpg,
POI_NT_0367,https://dp4vloz0pttrs.cloudfront.net/uploads/image/0d61cb2b8f2df84544e6afd8d2c87c592f8cb8979a24f7afebff57c733a733fe.jpg,
POI_NT_0368,https://dp4vloz0pttrs.cloudfront.net/uploads/image/474359ad3b8ba07497094d6017b6f2b8f32c0447c13fa18429b0f9e2f18bf79b.jpg,"https://dp4vloz0pttrs.cloudfront.net/uploads/image/91721411d9d086c012dd7b50f645c4a43e88a72a47e7a8bfb69cd8011d136599.jpg,https://dp4vloz0pttrs.cloudfront.net/uploads/image/e7a9cee3e27971d14e8030f414bb7d0d57c8b9619ca22d19f364c1b459c3dc4d.jpg,https://dp4vloz0pttrs.cloudfront.net/uploads/image/23333b9b92a7b8b6ccd29482c8e9645b14e9674d5f57a0fd7f152a7886d3a588.jpg"
POI_NT_0369,https://dp4vloz0pttrs.cloudfront.net/uploads/image/525b91603df4ee89ae124198e6530b831c1f9ecfbaa52bde1afbc4dc1f1981ab.jpg,
POI_NT_0370,https://dp4vloz0pttrs.cloudfront.net/uploads/image/26a16133bbb1423474ad38820a8408e44f4c7b467bf020a9e9b7724157713976.png,
POI_NT_0371,https://dp4vloz0pttrs.cloudfront.net/uploads/image/bed5113ec085a2008a32b25f0d1534c33b4875f53b5add36fd77997a71735ea4.jpg,
POI_NT_0372,https://dp4vloz0pttrs.cloudfront.net/uploads/image/d13464e45d979d8871a7ad6777c394eb7f5a8c202e57db78305c095e19f04377.jpg,
POI_NT_0373,https://dp4vloz0pttrs.cloudfront.net/uploads/image/fbc892113d0118a03c05d4992d7d3843ae00058f2059c43ac91ea1f6efdc21c3.jpg,
POI_NT_0374,https://dp4vloz0pttrs.cloudfront.net/uploads/image/22c912c52a9324a21c88797267dd51e6611b8025426d516040a7ad2dc1863cd9.jpg,
POI_NT_0375,https://dp4vloz0pttrs.cloudfront.net/uploads/image/52c2f835450fa513e1682cfe7c972eb7bacc1944c8d9e82393a88db1accdfa0b.jpg,
POI_NT_0376,https://dp4vloz0pttrs.cloudfront.net/uploads/image/bb22409e6b212cb93ff0fc224bdddc69d6591936aba0cfe2196729ad1c0e5343.jpg,"https://dp4vloz0pttrs.cloudfront.net/uploads/image/1212ee0dd683f6edd3c61a0291b7a5ee7e0afea4011ad12d0e894446c74f0c65.jpg,https://dp4vloz0pttrs.cloudfront.net/uploads/image/9dab2d43fc4e5913791cb6a47a35ecb2e8adb432eb9bd210cfa8e0d3f6218611.jpg,https://dp4vloz0pttrs.cloudfront.net/uploads/image/ef2fe310857fbe496b1203b42f5a4cf6143e6b8d1b0d1f62f741f01aa699686f.jpg,https://dp4vloz0pttrs.cloudfront.net/uploads/image/98e694b508d338d60deddec37d4c22b0f74db06ba4f96b20224d9a6bab678d6a.jpg,https://dp4vloz0pttrs.cloudfront.net/uploads/image/44aa781fcd0dac37ff3939d5713c71ef82f04600f56003528b629222d5127f40.jpg"
POI_NT_0380,https://dp4vloz0pttrs.cloudfront.net/uploads/image/57e53c5571d6b73b27f732e9fae174ac23fd26fe21e5d1155c5da06055c5dae0.jpg,"https://dp4vloz0pttrs.cloudfront.net/uploads/image/193e50bf17e3602215b0f970f82299b162aae1e8753ea97a1569e03dd77e11ad.jpg,https://dp4vloz0pttrs.cloudfront.net/uploads/image/39fd35cf4c9135eb4882982ed01031ae2f72a971867c774e5f24d849e84fbc0b.jpg,https://dp4vloz0pttrs.cloudfront.net/uploads/image/7e08cd509faa7ed326f0ed866413918e4921cad2ff9e64c8e148a996bd7f395a.jpg"
POI_NT_0383,https://dp4vloz0pttrs.cloudfront.net/uploads/image/5b7fa739177c7e3d148a1100717b63fc749416ae9adbe3f2bdd8a8e73fbeea62.jpg,"https://dp4vloz0pttrs.cloudfront.net/uploads/image/180837f98a47048bf34586d4b286eb5a06bcf7c4f3818b730cf7ce346492e9f9.jpg,https://dp4vloz0pttrs.cloudfront.net/uploads/image/46a8023ae5486829e134387bfcb396009e9bfafb8f59bbad6e4a52aca2a39697.jpg,https://dp4vloz0pttrs.cloudfront.net/uploads/image/cd88d02c9f53e0316f259939472263000382c49f786a006f051b7f5cbe4df310.jpg"
POI_NT_0384,https://dp4vloz0pttrs.cloudfront.net/uploads/image/49d96d40f182dfd676bf440bfe7c6fec33ba82f8a29e55681ab1b7f3502e43dd.jpg,"https://dp4vloz0pttrs.cloudfront.net/uploads/image/b148d760b013a18c14703e8ac491a42bab5e8aaae93d9924260975c34766e728.jpg,https://dp4vloz0pttrs.cloudfront.net/uploads/image/c8e810c43bb8f474addbd5bca4ff5cac9ed56d700e57d16b51f2ad87028c07b0.jpg,https://dp4vloz0pttrs.cloudfront.net/uploads/image/e03dc52f5dc66befbfb683b01371b6a784fe41f2710b263829ea3aaab093ab82.jpg"
POI_NT_0386,https://dp4vloz0pttrs.cloudfront.net/uploads/image/ab936fa54f8686e0f5153232ffce493868b471281a4d5501308c7e277fa69588.jpg,"https://dp4vloz0pttrs.cloudfront.net/uploads/image/01d9c22aea78b7935019f7a450a067666860de7437b500ac6bd37cb8dcef6904.jpg,https://dp4vloz0pttrs.cloudfront.net/uploads/image/49633a29a4556d553fa8026ed6a77f7685e72eb27365692f963cd4491700522e.jpg,https://dp4vloz0pttrs.cloudfront.net/uploads/image/e3d203374504b93c47b69059797d22f138e2d1b5c7efaa468f56a23daebc2f53.jpg,https://dp4vloz0pttrs.cloudfront.net/uploads/image/a48a7c23b45bab3111b88cae94ed2f9fcded548a2d44bc4481aaf17e74f67b5c.jpg"
POI_NT_0387,https://dp4vloz0pttrs.cloudfront.net/uploads/image/3b6f94ec0646705f095a3bcb4a6ca7a6a40594165f51d8368e424a6b78e15b4e.jpg,"https://dp4vloz0pttrs.cloudfront.net/uploads/image/63e4560bdfd4bbd8e52fe06630d8aba94c8bd9f8372ef3e9cbb068b37c08953d.jpg,https://dp4vloz0pttrs.cloudfront.net/uploads/image/386f53b4c9bb951ca029f38a17d38be1d43069d80949b2d883c2fab56267426e.jpg,https://dp4vloz0pttrs.cloudfront.net/uploads/image/aa8101958ce60e30c8300e00f3fb930385da5274086e079b6722a8aeea604198.jpg"
POI_NT_0389,https://dp4vloz0pttrs.cloudfront.net/uploads/image/864e653eb82697ea4f2b2cd34ecd5465ce60cda58a84904ecd3498875e144908.jpg,https://dp4vloz0pttrs.cloudfront.net/uploads/image/cd019869ab5f9c170c5bde916b6dabf710d8805d5cba118c5983e199b667600b.jpg
POI_NT_0390,https://dp4vloz0pttrs.cloudfront.net/uploads/image/9d8472260621b27645bd6041dff035ffa9040d138e4591b24fb9d3d49cf944ad.jpg,"https://dp4vloz0pttrs.cloudfront.net/uploads/image/a49260a5f8b857f981216b5dde9e39d408831cbc77ad672829549ae909de6d89.png,https://dp4vloz0pttrs.cloudfront.net/uploads/image/8fb720ad2e7c037ce1aa0f09a5c31d747b9928d0a8b498bd2d6c512f86c30343.jpg,https://dp4vloz0pttrs.cloudfront.net/uploads/image/8fc47e9d0d349baa77cd1b6249660dd5a1c1c865868cb07f60fa72e8e5e09310.jpg"
POI_NT_0391,https://dp4vloz0pttrs.cloudfront.net/uploads/image/8e96ec50589f4853787048c34863923b492548e15471e4873e75009ab0b589cb.jpg,"https://dp4vloz0pttrs.cloudfront.net/uploads/image/e8bc16ffcb329a52e90d4096bce618f98a31c0e61bcd1d3361da3bd1d1bb1ee9.jpg,https://dp4vloz0pttrs.cloudfront.net/uploads/image/e45017849732cd1b97fa1fe12e3af87b876090c6a581f0c585fc4b3e424104db.jpg,https://dp4vloz0pttrs.cloudfront.net/uploads/image/0cbe18f4946758052dbc844386e8705c39a1277d91eae1ce18315ad00b6a7cdf.jpg"
POI_NT_0392,https://dp4vloz0pttrs.cloudfront.net/uploads/image/82b65f78aefe55bc2b26d328947bd50839f3212b2b801c92df9456e55b92859a.webp,
POI_NT_0394,https://dp4vloz0pttrs.cloudfront.net/uploads/image/719630fa9218ea57ba8a577889e8716a30178506b3646f1b78fd7c70d3ee3890.jpg,"https://dp4vloz0pttrs.cloudfront.net/uploads/image/836bf129c029acbaa689b0fdd3b37bbcdce6184e0c88c1c0fb6dba9ea7df5c07.jpg,https://dp4vloz0pttrs.cloudfront.net/uploads/image/836bf129c029acbaa689b0fdd3b37bbcdce6184e0c88c1c0fb6dba9ea7df5c07.jpg"
POI_NT_0396,https://dp4vloz0pttrs.cloudfront.net/uploads/image/838c426767bfd391ba3b883047cca0f0c7040fe7053f78ebce3a7fab4880e931.jpg,
POI_NT_0400,https://dp4vloz0pttrs.cloudfront.net/uploads/image/915568c402e68acc9a639e315692f9d172bcd1fe6e8481fd6436c90702a70e1f.jpg,https://dp4vloz0pttrs.cloudfront.net/uploads/image/e39ace6bc664e566ef8a07bb03a063e155cc1e74578d1193ab67c8f0262f07fc.jpg
POI_NT_0402,https://dp4vloz0pttrs.cloudfront.net/uploads/image/a09bccec9b701e4d4301813f36cf9246fa480d5e1819a741f82f9f3c6b2b763e.jpg,
POI_NT_0403,https://dp4vloz0pttrs.cloudfront.net/uploads/image/edeab1b9df36c65316bbc2bfa6299f31d6047260ca951b3af0f17da2d77d4ad8.jpg,
POI_NT_0404,https://dp4vloz0pttrs.cloudfront.net/uploads/image/c9ef48c46d0690ac08a31085c46a555a78b1b9be82a690bd8038c9fb9f5fefbf.webp,
POI_NT_0406,https://dp4vloz0pttrs.cloudfront.net/uploads/image/9044f3b25c1991954cf25210b1f768f52539ac1d035da090a580891aa6971fc6.png,https://dp4vloz0pttrs.cloudfront.net/uploads/image/96f55a4882bb1df5c08f1e5a143bd6cac43e2948adf53c93266c3140fbbf753e.jpg
POI_NT_0408,https://dp4vloz0pttrs.cloudfront.net/uploads/image/7e20dccd4a73e65381bb56f7a7970f56fde0f28e97ce7bdc2e374b88f1381001.jpg,https://dp4vloz0pttrs.cloudfront.net/uploads/image/7e20dccd4a73e65381bb56f7a7970f56fde0f28e97ce7bdc2e374b88f1381001.jpg
POI_NT_0409,https://dp4vloz0pttrs.cloudfront.net/uploads/image/532d8fc9f653cb26834ed4fead71c1822265ee56d2add507c026c25004645254.jpg,https://dp4vloz0pttrs.cloudfront.net/uploads/image/532d8fc9f653cb26834ed4fead71c1822265ee56d2add507c026c25004645254.jpg
POI_NT_0411,https://dp4vloz0pttrs.cloudfront.net/uploads/image/1814394e1287794c1f40858a2d25b7fff67d5dd5e1c26d76067de66c9c09f89d.jpg,"https://dp4vloz0pttrs.cloudfront.net/uploads/image/4704359cc2fba4ab1f0af50ddbad8d5af0320d8e88cd543efa612f9d3796bfc6.jpg,https://dp4vloz0pttrs.cloudfront.net/uploads/image/c78b6f5b24aa76e2d6dd5e9bbd782ff7b0cf8dfcd291ff04a5bffa44d5072003.jpg,https://dp4vloz0pttrs.cloudfront.net/uploads/image/623d147992b29288453b1a2363299c6fc199c3794543817bd04b0cf3d04805d2.jpg"
POI_NT_0412,https://dp4vloz0pttrs.cloudfront.net/uploads/image/e83ec645923030508785277f872d293aaf94aa5ae76d1f21469b8cb69655fc02.jpg,https://dp4vloz0pttrs.cloudfront.net/uploads/image/e83ec645923030508785277f872d293aaf94aa5ae76d1f21469b8cb69655fc02.jpg
POI_NT_0413,https://dp4vloz0pttrs.cloudfront.net/uploads/image/99541999fd2ce5a1b5636349babce12db05498f41d0dfac1467484020a77b9bd.jpg,"https://dp4vloz0pttrs.cloudfront.net/uploads/image/9f2da605ee103f11fb0db67cb42f2ef5e834cbce7ff0ead3ead275823ecc7a94.jpg,https://dp4vloz0pttrs.cloudfront.net/uploads/image/b87aa2735b0fdb310e9c47b1426170e944511e8c69f3301350fa860b803488d1.png,https://dp4vloz0pttrs.cloudfront.net/uploads/image/f40f5e17ed8cfbecc109a229cac239ac3f7ef425d5b17219bbe128efaeac1982.jpg"
POI_NT_0414,https://dp4vloz0pttrs.cloudfront.net/uploads/image/a97c3269b607668733a016b077d561bd400d17d88be089b4cb54b142e1ef17a1.jpg,"https://dp4vloz0pttrs.cloudfront.net/uploads/image/985feb389893a567573659f0ba5fcf157a4e3dd5970c0b494a293f476425482d.jpg,https://dp4vloz0pttrs.cloudfront.net/uploads/image/9d35fb610fc7a64e5efd72e9999d7d31674eddbcd7daa6e06758e596bbf02a4c.jpg,https://dp4vloz0pttrs.cloudfront.net/uploads/image/dd3b43f4ecb3763aef8d508dd6bb6db77ce5cb5c2881fffbd8ed9e836bff6d78.jpg,https://dp4vloz0pttrs.cloudfront.net/uploads/image/8525bb200ee0c266309e632888a18d39ac055d929c7224a07aaa84ab41281765.jpg,https://dp4vloz0pttrs.cloudfront.net/uploads/image/5c46f4a40d0dbaa24e51e540fab3f0f365f6b3051c2231d8a457ab0efdc4d301.jpg,https://dp4vloz0pttrs.cloudfront.net/uploads/image/06b429d6d88bc6d32bd8badd8b927d45e0588db0945ff5b997f8038afed25910.jpg"
POI_NT_0415,https://dp4vloz0pttrs.cloudfront.net/uploads/image/3f35470dc1beb9a4d3e1b65ebb68811f101f20bba70c73dd5affa349c9dd00a2.jpg,"https://dp4vloz0pttrs.cloudfront.net/uploads/image/9a1062486f2e92dee658e4fba17355f3b8387981d25b4d282cc3f3fd01ff17bb.jpg,https://dp4vloz0pttrs.cloudfront.net/uploads/image/b361dc27b3ec168dcd95eb0ce5f7cb5c9ba69485a4030474e04022005bfe7a70.jpg,https://dp4vloz0pttrs.cloudfront.net/uploads/image/5aa5409aa6d159629bfba8b61e4e3a3584d1624d69a132636e24c9efcca4cf15.jpg,https://dp4vloz0pttrs.cloudfront.net/uploads/image/ac295a9db7e1eab52949021ea87dbbea2fb5f6de8832840804a56651790861a4.jpg"
POI_NT_0416,https://dp4vloz0pttrs.cloudfront.net/uploads/image/0d296d7f06d89d24e816d722404af7e64732967d4b634efaf2ee054debe22356.jpg,"https://dp4vloz0pttrs.cloudfront.net/uploads/image/8bf12a813c6375503034d0d9b8b3ce31de12fae357559059ffd62b98be0ea38e.jpg,https://dp4vloz0pttrs.cloudfront.net/uploads/image/e743fce852a34b105b180c3e4fc2e10b38fb3a687ec3e11085e625e54f893b70.jpg,https://dp4vloz0pttrs.cloudfront.net/uploads/image/415d3641a8ebdcbcd02c5ff7f150d5db18a72e442fb0e28267b5c034aabc366d.jpg"
POI_NT_0418,https://dp4vloz0pttrs.cloudfront.net/uploads/image/2503d261fae2f9af0677811a35072e4c81dc273a37c730d32b1d807d68fb0816.png,"https://dp4vloz0pttrs.cloudfront.net/uploads/image/5f844da019e829f4ba4d6a5b525226d1cd4b007084a7d551da61a30d3eee8548.jpg,https://dp4vloz0pttrs.cloudfront.net/uploads/image/507068148dbe19633c32d52115fb6e5dff78ae68d89a79b7d8ce8c1b1e50f60d.jpg,https://dp4vloz0pttrs.cloudfront.net/uploads/image/46e83c86123f67e14e5ec7d53038abef13d4b204b77f4badd630705780cd20dd.jpg"
POI_NT_0420,https://dp4vloz0pttrs.cloudfront.net/uploads/image/dbbc1356727bd1b1b4cfba5ca47e10a49a7c1c2c8e5eb40bf5a8907d2b2b9288.jpg,
POI_NT_0421,https://dp4vloz0pttrs.cloudfront.net/uploads/image/e85e90d1ab115e6c6e57aef0cb2705f6fd37412001030a3b4cb621dadd1645e1.jpg,
POI_NT_0423,https://dp4vloz0pttrs.cloudfront.net/uploads/image/c5706b159dac2c3044f0926c7f3e1497da3062eb20395fa7f48050edddaf4de3.jpg,"https://dp4vloz0pttrs.cloudfront.net/uploads/image/212374081be13c03eeb93ef1e6654605b99295553c6bcd78f8d28992be72d6a9.jpg,https://dp4vloz0pttrs.cloudfront.net/uploads/image/009d6712cba33401a374ecabb8dced44952b62410090eb214775997e939f62f6.jpg,https://dp4vloz0pttrs.cloudfront.net/uploads/image/f2d8ff4ea1474b5295832cc7aa6a6d1450c94e6cfc1fe60f233c5acbe0336399.jpg"
POI_NT_0424,https://dp4vloz0pttrs.cloudfront.net/uploads/image/6b66957336d4053ebf25c9667353afe7b806047069138fbb6f9ee0125096d7ea.jpg,
POI_NT_0425,https://dp4vloz0pttrs.cloudfront.net/uploads/image/3d96ed72f595c3fcd81a1997a47c1ca65f6cedc49a9cff63875e0ddcfe2f90bd.jpg,"https://dp4vloz0pttrs.cloudfront.net/uploads/image/4850b1a5852d548730aa12dc44caf2bba5d3eedb6ac01f852c78f74cbb6f92d5.jpg,https://dp4vloz0pttrs.cloudfront.net/uploads/image/335fad3ed2a5ff33cb25939804057843e7a5e3bd33a33d140ae9ba0738f7487c.png,https://dp4vloz0pttrs.cloudfront.net/uploads/image/fca14c0bdf2daa2f38dae0840edc0363760f5f38794de7f9bb6fa1e5f951413d.jpg"
POI_NT_0426,https://dp4vloz0pttrs.cloudfront.net/uploads/image/5e6259c36d9a340937942f03304a39057a1342e29f7274a099a68ee08beac559.jpg,"https://dp4vloz0pttrs.cloudfront.net/uploads/image/aa91375cea53428432d9baa8dce353e20ede1c67cf0e1191efc11fe710b72d19.jpg,https://dp4vloz0pttrs.cloudfront.net/uploads/image/83599b130bfef124bd9f7e0c7f3efe6547c1a8e0dd85c89b90bb6b80c22ea339.jpg,https://dp4vloz0pttrs.cloudfront.net/uploads/image/90ae7520e01f46120ba6efba51204e7bdae774b17de6fa22f53f79efab2c4758.jpg"
POI_NT_0428,https://dp4vloz0pttrs.cloudfront.net/uploads/image/36927fbb6d30f598da78354d994df82d89a94682367867e1c0f5c75bacbe138f.jpg,"https://dp4vloz0pttrs.cloudfront.net/uploads/image/f37a6f8cd0e8189c5cec6865484a145020f4c0ddf29678c4f04720f871efdb1e.jpg,https://dp4vloz0pttrs.cloudfront.net/uploads/image/05531b3de6fbfa1736ae56455b71a1a1c9e4df5af72051cca1b7bb069ea8ece2.jpg,https://dp4vloz0pttrs.cloudfront.net/uploads/image/8ed3171a00eb72691197ba350c35c768804fc88c5440a391fb170e82568cff77.jpg,https://dp4vloz0pttrs.cloudfront.net/uploads/image/6fec62eda8e30209a72357a3bc2f80337457f5cf05f79b3f93488b431315d28d.jpg"
POI_NT_0430,https://dp4vloz0pttrs.cloudfront.net/uploads/image/7c08a4b8db5ac6550ce4547f664c2dcc75003d395c4c87d7dd94ae9c01d5802d.jpg,
POI_NT_0431,https://dp4vloz0pttrs.cloudfront.net/uploads/image/731318006127f201a829407ce9c021149f91919db7df1da1f9f78616d87e3776.jpg,"https://dp4vloz0pttrs.cloudfront.net/uploads/image/ea9ba4adc3036c212c1b55ad39e300b3eea3caddad76ebecee5fa4e3bd9bef1d.jpg,https://dp4vloz0pttrs.cloudfront.net/uploads/image/4bf85f4c3a2908f6a0a13a2dee1497e805f30f641143b44a4e8b568c9f540916.jpg,https://dp4vloz0pttrs.cloudfront.net/uploads/image/ea9ba4adc3036c212c1b55ad39e300b3eea3caddad76ebecee5fa4e3bd9bef1d.jpg"
POI_NT_0432,https://dp4vloz0pttrs.cloudfront.net/uploads/image/fd16aa76912c2005dd7997be22be34534dfac1eb87102ff32738720899bcc497.jpg,"https://dp4vloz0pttrs.cloudfront.net/uploads/image/4994b4695217a6a1a6fb28e30357cb207abcf3b00286a6b3bce689cdea165f38.jpg,https://dp4vloz0pttrs.cloudfront.net/uploads/image/b8b584e9d923454ab6ec184476363e95f900e06512f2a3971dd8635731e7972d.jpg,https://dp4vloz0pttrs.cloudfront.net/uploads/image/4b17b4e3c81d0c32d2f48b341022818e4ec6bf0870c6f0a0c19a50caa6d9bf1b.jpg,https://dp4vloz0pttrs.cloudfront.net/uploads/image/8a8cd1710713fe5b16a3f0262920791a32bd48b7f00045c3617ee6de227a13df.jpg"
POI_NT_0433,https://dp4vloz0pttrs.cloudfront.net/uploads/image/340eece297b877e13e690d7036888a3eb22bc4014a2de0f5d32599b842a570b5.jpg,
POI_NT_0434,https://dp4vloz0pttrs.cloudfront.net/uploads/image/c1a7afcfd8daad22f0ab95f14dd859e85be0156772aee91cd57bcc5ac94b7088.png,"https://dp4vloz0pttrs.cloudfront.net/uploads/image/e3bad45ea38d0123295efdc321eeebbc279e090ab66266e8db84302229ba0555.jpg,https://dp4vloz0pttrs.cloudfront.net/uploads/image/e83b7b31fc7c7271a0670804dc0ea3f98b4cf30a61b50c46a7e434328bba57b1.jpg,https://dp4vloz0pttrs.cloudfront.net/uploads/image/101cbcbfb9e9ae57b83b63e87bfbe084d5870b3de9340a032d61938ab21e6873.jpg,https://dp4vloz0pttrs.cloudfront.net/uploads/image/2b9e352e2be5c33115bd29a26c3547feab24d721dc80226e4bb07cf5199e5b84.jpg"
POI_NT_0435,https://dp4vloz0pttrs.cloudfront.net/uploads/image/89754eef18039193443ac2e841b28d3383b1bc4e15904217d0789d1e0496d36e.jpg,"https://dp4vloz0pttrs.cloudfront.net/uploads/image/e58107b279a35aa55406f1635a26f8e5b05dc80d86fcd29bc781cbf797181896.jpg,https://dp4vloz0pttrs.cloudfront.net/uploads/image/e0fc551af3ff93b45be1d60f946464115e5a2ea22b1b26677c8e66cb2d16edda.jpg,https://dp4vloz0pttrs.cloudfront.net/uploads/image/e9134b116e1d1760dcea66dcfd2b2da4ea9b27c01b92438e14238c93d117c355.jpg"
POI_NT_0436,https://dp4vloz0pttrs.cloudfront.net/uploads/image/b1e4857e0d9b3feb9e7704802f3e8a1fb354547340d4febee8e2887743dbcec3.jpg,
POI_NT_0437,https://dp4vloz0pttrs.cloudfront.net/uploads/image/edaee51cbdb73fc7dcb0738a61daf7055b73c83a9a6777e4a9380e532aebd54f.jpg,"https://dp4vloz0pttrs.cloudfront.net/uploads/image/769b0403ff3a99df8f00b4897a2fb80c57e8e8ed5ccf6b7011103264840c847a.jpg,https://dp4vloz0pttrs.cloudfront.net/uploads/image/67bbca9a7c3df88c88c350d43c9a754e454bad0a529ef45dd0c1958170cb74f7.jpg,https://dp4vloz0pttrs.cloudfront.net/uploads/image/24d119e7836c5b2a3c77ff92dfaa03b144bd05de8511ae71dc154fa68d56ea41.jpg"
POI_NT_0438,https://dp4vloz0pttrs.cloudfront.net/uploads/image/6eb491fe5d8ead4021c57320b33df26c222d527a43bc34b651ad44d6aec9a662.jpg,"https://dp4vloz0pttrs.cloudfront.net/uploads/image/4c841bb9c2c1ba612af919ad387949bddf5ef0b0d1e841e7228bd70f45f04915.jpg,https://dp4vloz0pttrs.cloudfront.net/uploads/image/d566589552018452fa53c2bc92320dbdc711d7016311d303abfda2d17581cd1f.jpg,https://dp4vloz0pttrs.cloudfront.net/uploads/image/d553b789d57b3903e31f7b1d5a23223ef037e02aa4d265a170d314c3cc3e9d03.jpg,https://dp4vloz0pttrs.cloudfront.net/uploads/image/53b0b1053ad649bb30c65a1be9914624a8baa558491f8934ed0d59ee5799b8c5.jpg,https://dp4vloz0pttrs.cloudfront.net/uploads/image/dac995e4bffc33597f37349c885373b05d188684eeb130645fb599ee467c8da8.jpg,https://dp4vloz0pttrs.cloudfront.net/uploads/image/ab5c44e02889fd4c52d65daad86b5e42fe99285a317c914e8ccb77645c9a1d0a.jpg"
POI_NT_0439,https://dp4vloz0pttrs.cloudfront.net/uploads/image/5de9dc6137bac7c9cc9df94f4da9ed6cdcb6e35b38f65c6d07e98ed0b1b8f344.jpg,
POI_NT_0440,https://dp4vloz0pttrs.cloudfront.net/uploads/image/2c4c8e3ae65beafcb2bcc5c6df680ead0beb66369f9f5f0295fb12b0c99774fa.jpg,"https://dp4vloz0pttrs.cloudfront.net/uploads/image/8a2c9c739e27b869fd3316a329354616422d727dc11de02e570164cb5403784c.jpg,https://dp4vloz0pttrs.cloudfront.net/uploads/image/17e12c12a3983983b89b9f409871d698d4dc1aeb10cb6f0de0130a6ce9bf5b27.jpg,https://dp4vloz0pttrs.cloudfront.net/uploads/image/de289752e50c2fdc9487a26d103f7e522bf83f8bc6d1269ba9bd24e0cfb083b5.jpg,https://dp4vloz0pttrs.cloudfront.net/uploads/image/ad9176a5560d9661cad282746b1b52de4a05693a93f06bdef240353fd8aeccdc.jpg,https://dp4vloz0pttrs.cloudfront.net/uploads/image/893f045658dd50bc44a89d7e87efb2a4ddcb9fb9b46ee3cb3d1bad49eae07c8b.jpg,https://dp4vloz0pttrs.cloudfront.net/uploads/image/bec24fa911a7f2d01bc4b830b1d3fa6e302bc24949ec11f8c5e93f0e9fd380d5.jpg"
POI_NT_0441,https://dp4vloz0pttrs.cloudfront.net/uploads/image/4fe907daf53e7899fd18fe823a961bab4840b17a7cdddb1a6864f12a215c1bde.jpg,
POI_NT_0442,https://dp4vloz0pttrs.cloudfront.net/uploads/image/68edaa4661656b8138a413467978074c8bc1aa9f77b89210c46128ab8e36b50c.jpg,
POI_NT_0443,https://dp4vloz0pttrs.cloudfront.net/uploads/image/595f14f5eb83e768de514231872863a2b2cc9145c9ecd99c50e90cd8ec35f22f.jpg,"https://dp4vloz0pttrs.cloudfront.net/uploads/image/3fb2ff0a076bc8918fe509d03180631ce84777dc27534c12ca7e8c1017558159.jpg,https://dp4vloz0pttrs.cloudfront.net/uploads/image/30d0fe6b3b01772d1446cdcd211ee60d4e527dfd39a9f592ffacdb3299f5e429.jpg,https://dp4vloz0pttrs.cloudfront.net/uploads/image/608abc291288403a843f3247c2cfc68d26eecca2c9781748546c8477f4574bfb.jpg,https://dp4vloz0pttrs.cloudfront.net/uploads/image/a11b7ac8ff04e747d0d06672a6274fb2cf5913f24427947b19452e98f6b8c7d9.jpg,https://dp4vloz0pttrs.cloudfront.net/uploads/image/d5bc388eff7236bfea0ab0c333e69fbe72431640a37f72d01bfd06103b44ea80.jpg"
POI_NT_0444,https://dp4vloz0pttrs.cloudfront.net/uploads/image/567c5cc75b5a25acee5a58b003cae8604a5fa31b853f8b255a3c22f749e03b41.jpg,"https://dp4vloz0pttrs.cloudfront.net/uploads/image/563a660e0f013fead2fa10b025ce7e7f76f4b7698d3abface004ecc0e155c4c3.jpg,https://dp4vloz0pttrs.cloudfront.net/uploads/image/f03715207397baba44674df1de1c6bc6851832c87b531ff29a4df84420a75ba1.jpg,https://dp4vloz0pttrs.cloudfront.net/uploads/image/3ffafd1c7ba58a58db7c105e7eac770a93f1bc90fecd1dcedec51c0f0ea370d6.jpg,https://dp4vloz0pttrs.cloudfront.net/uploads/image/5ed14cf40f5c25ab7bc5cf09d17e7c69ac8585bdf54d5bff515e8a1c3b538663.jpg,https://dp4vloz0pttrs.cloudfront.net/uploads/image/11494077e907d83fce7aad04ddc50f366d3fdf4c963a1207308ff8f52776dcd5.jpg"
POI_NT_0445,https://dp4vloz0pttrs.cloudfront.net/uploads/image/c904ef4ad1da3d9b8a00662d8bfac4049eb37d57e4d3a4df4065bd638b4a016c.jpg,"https://dp4vloz0pttrs.cloudfront.net/uploads/image/ce54d3bd73f538dc4eab64bb799f21fe5e17a748ca06b9761fb0399fc3543473.jpg,https://dp4vloz0pttrs.cloudfront.net/uploads/image/a71884f091da3bed551ee650d28e3c8a023f021434ba1bce70829d4262da98a0.jpg,https://dp4vloz0pttrs.cloudfront.net/uploads/image/a1ecca9f9f4f38631bc57b2465267042a3e6d691c224629eaea60383faa27754.jpg,https://dp4vloz0pttrs.cloudfront.net/uploads/image/c29bb5715f7c6c22a4fd507b8a1530a971187c692b62c12dab8d2d997eff6881.jpg"
POI_NT_0446,https://dp4vloz0pttrs.cloudfront.net/uploads/image/0c853bc1dd2d43c000841e02c181cf2548930851f7c980ce8bfff77e0439461e.jpg,"https://dp4vloz0pttrs.cloudfront.net/uploads/image/ee1f09457409353466cb59b93dbdfbff59425a7a2a09c78c6413dc17b603c831.jpg,https://dp4vloz0pttrs.cloudfront.net/uploads/image/e1c8c3b15427ba6f7481bfd934cd083205ec9b4b7c32d609a78a3e6a7a57414d.jpg,https://dp4vloz0pttrs.cloudfront.net/uploads/image/0ccc7d86e0d346a032a6d90682740dccfec0bf53e8dbe7accb60b2bb4865fbc7.jpg"
POI_NT_0449,https://dp4vloz0pttrs.cloudfront.net/uploads/image/0a49ff048fc7e3a3170e51fa37ac77b169bebf3dd8d0bea5bcfa27323b6329ce.jpg,"https://dp4vloz0pttrs.cloudfront.net/uploads/image/826e6f4e30af4d7d105b97e55e79b209a12f18e4a5f9ca0be480b44dfeeca870.jpg,https://dp4vloz0pttrs.cloudfront.net/uploads/image/7940296c34c45e4dc5e0970655c0e1ad6239e131205264adfd3bb075811af2ea.jpg,https://dp4vloz0pttrs.cloudfront.net/uploads/image/5685dd54716dac18616fd01bb63626d3b5192a6e9953b5dbfe83ccf29bb69601.jpg,https://dp4vloz0pttrs.cloudfront.net/uploads/image/c18151d7444e74d1ea0eb99f55442b72f1ec3b0bb05e15ddbabbb02d3108271d.jpg"
POI_NT_0450,https://dp4vloz0pttrs.cloudfront.net/uploads/image/299e4f29fa801386bba2f3faf5fd56182785fb00759b0b4c8ada1bd128062e9a.jpg,"https://dp4vloz0pttrs.cloudfront.net/uploads/image/952c1a69f4bd901ca917afb535be9e5092f8af25bb01768e23864ee56e3ea86a.jpg,https://dp4vloz0pttrs.cloudfront.net/uploads/image/dff67ce0d8bcd154f8ee58977b47fbb61614ea2fc682832218ce334f8df1626e.jpg,https://dp4vloz0pttrs.cloudfront.net/uploads/image/70cd0aace006e913e1a7e8202e4fb7e45666e60467c0c06da197f333f4a17609.png"
POI_NT_0452,https://dp4vloz0pttrs.cloudfront.net/uploads/image/4225b2fd36298d7fb9826871f79eacd370505fcee8c73ed06c39d62d2c0696bc.jpg,
POI_NT_0453,https://dp4vloz0pttrs.cloudfront.net/uploads/image/168b26f98eef77219ade985a12e1e7908eff1025ef947ae6df55608f4b8e9c73.jpg,"https://dp4vloz0pttrs.cloudfront.net/uploads/image/aa8fc0c627d0fdabd59adb1ae16d69e20a4f69df3886dd5ad13b7c15d912a57c.jpg,https://dp4vloz0pttrs.cloudfront.net/uploads/image/8d1fbbb04294fb88246bf3b37e557820a03e81e96843ca8f3c7e84c6ecb2dfa9.jpg,https://dp4vloz0pttrs.cloudfront.net/uploads/image/523f777fa96349cd4482a6d41bd7bc39d4c9aac366d4028bc913df680a50fe81.jpg"
POI_NT_0454,https://dp4vloz0pttrs.cloudfront.net/uploads/image/74b2846fe7f162e63b84b5135c714fbb0d4f7b571cff6008dfcf665cade8d14c.jpg,"https://dp4vloz0pttrs.cloudfront.net/uploads/image/5dea88c299e106071f960632d56acf5c9278274f6dd70bea6d8e8c1193327b8e.jpg,https://dp4vloz0pttrs.cloudfront.net/uploads/image/2e8ac6ca29f6a65f5dad68390c26ff0232a968c3d34ca2b9280a180effb0665d.jpg,https://dp4vloz0pttrs.cloudfront.net/uploads/image/840e480dd54017728ffc78c07a0cffbe8df3fa19d85c3c9c3616e65e222d9fe2.jpg"
POI_NT_0455,https://dp4vloz0pttrs.cloudfront.net/uploads/image/4578cd67d03376bf2ec381d0b4a3cdcf60bfcb02cecfa465ecbbe491eaa62dbd.jpg,"https://dp4vloz0pttrs.cloudfront.net/uploads/image/c760398715f3b7e5a6dfa4cfb950a20cef23316ac7d9aa8746e2f6604e5ee44f.jpg,https://dp4vloz0pttrs.cloudfront.net/uploads/image/950a668a8e62b120f02f4e588229c7d116bdaa9eeb92f7cfcfb8b2adf4baf416.jpg,https://dp4vloz0pttrs.cloudfront.net/uploads/image/9605091fd59c1f4da302c1079321fcecae3088082aa75450dc5ccd24354f65df.jpg,https://dp4vloz0pttrs.cloudfront.net/uploads/image/22820be8464271bd28678179ded4123bd3e3c9b39c8830f05e0d32d1608ef0b5.jpg"
POI_NT_0456,https://dp4vloz0pttrs.cloudfront.net/uploads/image/afe91fd5c7c4c9896680b3f614d88ea298f7b595741887f38d41a30cf5318e58.jpg,
POI_NT_0457,https://dp4vloz0pttrs.cloudfront.net/uploads/image/7ad12ea64508da3a1ea7d6fba52d2fc0874428193b370af922f5067905db81c7.jpg,"https://dp4vloz0pttrs.cloudfront.net/uploads/image/c029686f9aa60154737bf38de2048be79893274af6c8e7a9ed0faca83f9bb40e.jpg,https://dp4vloz0pttrs.cloudfront.net/uploads/image/67cb965ecc260feab91cbec16563da59820036d0e6e10d4e37caf617a60e2372.jpg,https://dp4vloz0pttrs.cloudfront.net/uploads/image/d754bfb1bd1b2110d2bef1a5e91eaf960b04bb726d4c102a0b5abfcfe0f1256d.jpg,https://dp4vloz0pttrs.cloudfront.net/uploads/image/5e64bc2f3c7501a8016d6d77860ca09124058eb6aa340e47219c72ab5fda3b5f.jpg"
POI_NT_0458,https://dp4vloz0pttrs.cloudfront.net/uploads/image/9b222785a42f154ae6b9ea68eb1763554f40bf2080220af6667cc92beaba441c.jpg,
POI_NT_0460,https://dp4vloz0pttrs.cloudfront.net/uploads/image/e7761ab83bd3d20ca8351031b80bee79942a4a34778788480021922948b480b3.jpg,https://dp4vloz0pttrs.cloudfront.net/uploads/image/95dccf41bf9e16b3a6bf681649ecdaf8c5cb83a2954c81c95177e82ab1635c65.jpg
POI_NT_0461,https://dp4vloz0pttrs.cloudfront.net/uploads/image/daeda34364a0e7d67d5110b4a30a0c98c0f860fc490afb2ee27b356dbd19d96f.png,"https://dp4vloz0pttrs.cloudfront.net/uploads/image/9a8bbbe0bae6ec5a6f6a9d660cce7aa50d2353a0d44f277960c94943b853bfb9.jpg,https://dp4vloz0pttrs.cloudfront.net/uploads/image/a956fcb0989b34d731c5fd703dfa0469acbf330eac98ed4659757e958d37420e.jpg,https://dp4vloz0pttrs.cloudfront.net/uploads/image/59d1fa0d06813b42b4f4a30e4cc681cdc7a53023e4748a845a950859443df100.jpg,https://dp4vloz0pttrs.cloudfront.net/uploads/image/c021766ffb4ceb41468bf374a6ab0f25489df4056684500033a540ada261f2eb.jpg"
POI_NT_0463,https://dp4vloz0pttrs.cloudfront.net/uploads/image/7af7e0b34709dd50553497a56a86e7708a6a2a336277a744aff659ffd1dd7ab4.jpg,"https://dp4vloz0pttrs.cloudfront.net/uploads/image/145af6d7f2c780acd8398b075d0c4730c5e562175c7212688bd9ac4c66b6f02a.jpg,https://dp4vloz0pttrs.cloudfront.net/uploads/image/feea01037191e80eb9560e8fe0591de35a3ab3d11fd4d3a86cd8e9100709c9f1.jpg,https://dp4vloz0pttrs.cloudfront.net/uploads/image/7e1ea32ddac5f3fbb56b6e92826df6f0100b30f75051bb70ce31dec937193f64.jpg"
POI_NT_0464,https://dp4vloz0pttrs.cloudfront.net/uploads/image/c982647343d24e772cd6d53fc5be7c2d3764b4d3e2e155315f100d7dd9ae46aa.jpg,"https://dp4vloz0pttrs.cloudfront.net/uploads/image/0bf347c8a92637e62bb4d829799d9cbfa7f02ca961c2a5c1d8c2dbdce69555e7.jpg,https://dp4vloz0pttrs.cloudfront.net/uploads/image/218732e8a289479382558dfc3655bc088c25d5b0e319d2e1e7ab1b47b2f60a4a.jpg,https://dp4vloz0pttrs.cloudfront.net/uploads/image/6c028420db2d0aadcfedf8baf21cbdddd4e6dea8506b17ff173472873481b978.jpg,https://dp4vloz0pttrs.cloudfront.net/uploads/image/cae26da9e26737636f1417a2de1f584c9a6430af16e44b3df734fffa6886cb39.jpg"
POI_NT_0465,https://dp4vloz0pttrs.cloudfront.net/uploads/image/7ad12ea64508da3a1ea7d6fba52d2fc0874428193b370af922f5067905db81c7.jpg,"https://dp4vloz0pttrs.cloudfront.net/uploads/image/5b8936883cc8e157b3aa762c3cda7d0a5b9cf1ae843303e6d983614f99aa3b00.jpg,https://dp4vloz0pttrs.cloudfront.net/uploads/image/d673739a6588aa63c9302ab59cda0b8e3d6c33990e2bc66ff6410bc5692e253e.jpg,https://dp4vloz0pttrs.cloudfront.net/uploads/image/7e28b7933881f217ed3749fbc9db8807619e78f12a259f288c8710bcf1d3c5a2.jpg"
POI_NT_0466,https://dp4vloz0pttrs.cloudfront.net/uploads/image/a94edfa298bd3cb6216d3924287926dab94c6e4b69f64eb42df33245bf25fee5.jpg,"https://dp4vloz0pttrs.cloudfront.net/uploads/image/defcb6fd93dee37fa5ba958dc045ddbf46f14fd3e861a794f0d57b080943c589.jpg,https://dp4vloz0pttrs.cloudfront.net/uploads/image/190f328667c5c7ad947b5dd6b8cf06dc7cd79a1edcc179c372d8a7eca2f80e35.jpg,https://dp4vloz0pttrs.cloudfront.net/uploads/image/deae03bfd0056fa679a6bdd9711e571038ae9c8cb4f1a06f3a7329d50dab3db5.jpg"
POI_NT_0467,https://dp4vloz0pttrs.cloudfront.net/uploads/image/c982647343d24e772cd6d53fc5be7c2d3764b4d3e2e155315f100d7dd9ae46aa.jpg,"https://dp4vloz0pttrs.cloudfront.net/uploads/image/381ef0878f8edf91aeb51022b587d700f9e388a42116aa4905c3d5ba7b5f6e2f.jpg,https://dp4vloz0pttrs.cloudfront.net/uploads/image/19eb96100ba8f514046337de130ef2cf7a17dec4806eba7381fe5dd7e0044d7e.jpg,https://dp4vloz0pttrs.cloudfront.net/uploads/image/23af9a0634def8d80bb4144befadda105e037c191e1014b3023b8304d550d82b.jpg"
POI_NT_0468,https://dp4vloz0pttrs.cloudfront.net/uploads/image/bd152eb38817f35a4952afadb7b0cfda2a165162955f3d5a6e138b56000a7fd8.jpg,"https://dp4vloz0pttrs.cloudfront.net/uploads/image/3b1d32e7ea0d0b98b480b5b4cd2b99e1fe6f5386fdade4df068f74fe371e1148.jpg,https://dp4vloz0pttrs.cloudfront.net/uploads/image/67365419cf8b1f2f90f13d73814278613a954e314970830007bf88e4bc3dbb10.jpg,https://dp4vloz0pttrs.cloudfront.net/uploads/image/068c876b292d4737ac58ff35091baec5682b9a33fa2f3c1c6a31e88cfeeae11b.jpg"
POI_NT_0470,https://dp4vloz0pttrs.cloudfront.net/uploads/image/2882a51d15c67ea6b6cd38f4e5560e9cd353448ad2c3c5fb390dab532ef1abe4.jpg,"https://dp4vloz0pttrs.cloudfront.net/uploads/image/0f6aa343252153164d2371d39f1a70be5304638212d5d3ec2384788e317baa92.jpg,https://dp4vloz0pttrs.cloudfront.net/uploads/image/aea02fa71ce5aeb8393945accdac521623ea551d9225ab98ff439e4a716dab78.jpg,https://dp4vloz0pttrs.cloudfront.net/uploads/image/a3b38d0af5a97ce6583952f5216a0f7b545604a90fd2e77239f664ff55ff926a.jpg,https://dp4vloz0pttrs.cloudfront.net/uploads/image/cb8c3efe530b5b0b730c5426e6a6e599d2290c7ee26fb506cd255bb029154473.jpg"
POI_NT_0472,https://dp4vloz0pttrs.cloudfront.net/uploads/image/83808ea88f48328424a94a41efa89aca34e4cbece1705b6d994a9d636358531a.jpg,https://dp4vloz0pttrs.cloudfront.net/uploads/image/2a425ba6e8019347af2ae249cc4ebe41f808b893026a2bf3b1c1fb8dd8599d30.jpg
POI_NT_0593,https://dp4vloz0pttrs.cloudfront.net/uploads/image/fec08e4d3f82f6f6f2f8fa50734dd8a4e81578f688bb2aa7c4a9f2591748523d.jpg,"https://dp4vloz0pttrs.cloudfront.net/uploads/image/3c306a783bf7e5e2c930d86b38134cac1300103e2cca8fcb0fbff5bae010de7f.jpg,https://dp4vloz0pttrs.cloudfront.net/uploads/image/bbc9ddced908f621cf609bcb4c8b1369b1e03fa452db76a3be0d5e8c588a3708.jpg,https://dp4vloz0pttrs.cloudfront.net/uploads/image/1a6c23279b4aab80d816dfd9aac2e7e0170efca9583c93ff47d4defa3ae6d7b8.jpg"
POI_NT_0594,https://dp4vloz0pttrs.cloudfront.net/uploads/image/c4bc25dd8d03c1d7c7239154f358ea6e5eda2aa6866684ea00b8da282328335e.jpg,"https://dp4vloz0pttrs.cloudfront.net/uploads/image/93525f8d4c2d81b0c53aa2af8fb0e71b876aa1283c9c6432aa092bf9b55c6e17.jpg,https://dp4vloz0pttrs.cloudfront.net/uploads/image/fae048c56dfcf582d2aa77dba21fe6345de019780e711e1c3d686bb87e98586a.jpg,https://dp4vloz0pttrs.cloudfront.net/uploads/image/163aa271d757701221ec9e646d05972596c762f71937ad8f1a73b4a70293ed2b.jpg"
POI_NT_0595,https://dp4vloz0pttrs.cloudfront.net/uploads/image/f62d768f748ce3d64d4786f9015529bef9e885e9dfc22192ada22b967f178d68.webp,"https://dp4vloz0pttrs.cloudfront.net/uploads/image/ab2a666a52bdf3cd4604022fa0d60f8e43d9e819437d4f2d3b2dbcaa17556715.jpg,https://dp4vloz0pttrs.cloudfront.net/uploads/image/d7ae939b03c63c1bff4650a91d641133b1ef104c20206b87ac1690be9e156611.jpg,https://dp4vloz0pttrs.cloudfront.net/uploads/image/0d0360d3faf81bb21057e9edd8fcc3c67964678d57734601ebe512ee8ce1c60e.jpg,https://dp4vloz0pttrs.cloudfront.net/uploads/image/7f37b6c797d55d2000bc09ebe05508c12024385eb337be3437b067e8a5e7fe1c.jpg,https://dp4vloz0pttrs.cloudfront.net/uploads/image/8885b5eb78475da43e16d330a9347c59ee309150d2b48a131152fc133b6276aa.jpg"
POI_NT_0596,https://dp4vloz0pttrs.cloudfront.net/uploads/image/449cb57abb8dc82d44649a473dbec11abb1b79b01b01f92419b44d2ece637000.jpg,https://dp4vloz0pttrs.cloudfront.net/uploads/image/449cb57abb8dc82d44649a473dbec11abb1b79b01b01f92419b44d2ece637000.jpg
POI_NT_0598,https://dp4vloz0pttrs.cloudfront.net/uploads/image/ac87d779608347009988edaece73b19733a40954f85d5ae7d45616b70c1ad5ef.jpg,"https://dp4vloz0pttrs.cloudfront.net/uploads/image/236b7cf9ce6151637c06817891b76f22358053ddf7a95a667bb61a295d401b60.jpg,https://dp4vloz0pttrs.cloudfront.net/uploads/image/5bc25f4e66877000a4660907c22a071887f3a6750ba193830dce40aa5d8ffc19.jpg,https://dp4vloz0pttrs.cloudfront.net/uploads/image/901cb4ede04f2f2c3855914c4412469f138d4f5e2ea8030f4fe32b24c000bf8f.jpg"
POI_NT_0599,https://dp4vloz0pttrs.cloudfront.net/uploads/image/561f29defd5ee32736a22dcc1716d8b54c2ac92b40fa9b490f6f7973c103002e.jpg,"https://dp4vloz0pttrs.cloudfront.net/uploads/image/5a52d36101cd9687fb9eb51f96929d992de77044621285525d08ea10c46996f1.jpg,https://dp4vloz0pttrs.cloudfront.net/uploads/image/e04af5d6debe048c5953874b502e2dd90ae5be27fbb1043972b435d4dc5349a0.jpg,https://dp4vloz0pttrs.cloudfront.net/uploads/image/8bb0e88300f766339747049c776c6fa8537216e9224807fca42e05766a1c6d83.jpg"
POI_NT_0600,https://dp4vloz0pttrs.cloudfront.net/uploads/image/336c60e1175f4e8da9eab9bba97b3f14cb3a52b3b32f3f227e45546cc96ed762.jpg,"https://dp4vloz0pttrs.cloudfront.net/uploads/image/927c5b0b7fedd5c9813c01cd32a32338aa05891e05b7069826a2951913c6be9f.jpg,https://dp4vloz0pttrs.cloudfront.net/uploads/image/dcfd74d22765e8c13f3927482beec6f689b106d34e02c950a59729142e30382a.jpg,https://dp4vloz0pttrs.cloudfront.net/uploads/image/0dc0168074a1dfabe8d1488a6a52bc62dec3a29754f8a40d7d5990c7e285d4c3.jpg"
POI_NT_0601,https://dp4vloz0pttrs.cloudfront.net/uploads/image/e49ba5f35382e9a69692c8e6e879b10a033b5accd2eb37f4ad675b261ca59df1.jpg,"https://dp4vloz0pttrs.cloudfront.net/uploads/image/3e1b430912986f8445a4a0d28ab6a613b99ee966387f9c628d1056fd84075173.jpg,https://dp4vloz0pttrs.cloudfront.net/uploads/image/e5eaa65ec899051a2f4fe8149c994bceb4f46323a10060ed26f29be747054433.jpg,https://dp4vloz0pttrs.cloudfront.net/uploads/image/2e34fd867242d87e4980d5993b3d409bc96a811dcf7fe22325f6343d17fc6d12.jpg"
POI_NT_0602,https://dp4vloz0pttrs.cloudfront.net/uploads/image/55332b22151d755c691430b64d7adc26f4d6c10a605fa8256ece550b24506825.jpg,"https://dp4vloz0pttrs.cloudfront.net/uploads/image/347844f1c7d92dae03311c027abb6059b1a3a63d32799d6358b166302349fd71.jpg,https://dp4vloz0pttrs.cloudfront.net/uploads/image/9ef0fd893d50debb7cd4786e61179f2bd2b7d24a7c9d4d753ed7857d4a8c930d.jpg,https://dp4vloz0pttrs.cloudfront.net/uploads/image/61d1603f6286fe8af0b9a5c194017ac9e4583f964a15df5f59467c4b3eb2b45b.jpg"
POI_NT_0603,https://dp4vloz0pttrs.cloudfront.net/uploads/image/c5de7484324a869b66ed12a96b28be81b3b31d0068a0ca54e6620b7523f5262d.jpg,"https://dp4vloz0pttrs.cloudfront.net/uploads/image/ad95e9f27a436ffd95c059efe22f863f8b7b0627b746a0e3b737e7193e126b6b.jpg,https://dp4vloz0pttrs.cloudfront.net/uploads/image/9813b07db05f080923d602f61b6282141d1b9af1772bb70d5e6dea350031ffe2.jpg,https://dp4vloz0pttrs.cloudfront.net/uploads/image/688e8290ae2cde076bb7b679d30b4b8c0af85828526597b4f229870c1d425ea1.jpg"
POI_NT_0604,https://dp4vloz0pttrs.cloudfront.net/uploads/image/4b84cf677e3ec9e73603c7d3bb45eb0146172091ff4256ed4493781655defbe7.jpg,https://dp4vloz0pttrs.cloudfront.net/uploads/image/4b84cf677e3ec9e73603c7d3bb45eb0146172091ff4256ed4493781655defbe7.jpg
POI_NT_0605,https://dp4vloz0pttrs.cloudfront.net/uploads/image/571675272e8921a01e3ea817f5a5e75956d57b5766b05b70b00d82c28ba92dac.jpg,"https://dp4vloz0pttrs.cloudfront.net/uploads/image/318a3f383a8170542862d523179eeba9f66e7e719e049fbec64fcf184ce48555.jpg,https://dp4vloz0pttrs.cloudfront.net/uploads/image/2391448e65163630b894467f9e32842fd4349b5b3ca40db5ec7c956c1082f5c0.png,https://dp4vloz0pttrs.cloudfront.net/uploads/image/d11077735a2e9e0787087a43f4c9e5b7871428489d3a5e63b7d6031f16e06d8b.jpg"
POI_NT_0606,https://dp4vloz0pttrs.cloudfront.net/uploads/image/57c98a6647d93f82c59fe28d29ebb614127eb80c089124b16482e973d2d27e70.jpg,https://dp4vloz0pttrs.cloudfront.net/uploads/image/dca1884802829003827db8735d13578e32ff6c6cc34833c6aa16ea27b1b55cc4.jpg
POI_NT_0607,https://dp4vloz0pttrs.cloudfront.net/uploads/image/f855ec98141e4e839ea42df7044ac608a0496cae24f25f8d7577e5d379cbf630.jpg,https://dp4vloz0pttrs.cloudfront.net/uploads/image/0277d13e0f629aa095b28865fbf56c312ca01577a41632b42f93217746f25629.jpg
POI_NT_0608,https://dp4vloz0pttrs.cloudfront.net/uploads/image/a320c0309e1b67e5b9a5ddcdbe2849ec9ee5a0bbb2d72ae4122f780a31692f15.jpg,"https://dp4vloz0pttrs.cloudfront.net/uploads/image/8a224d073d80b26f4fb6135995d9b736c39a9901658068967f8dd2bf0781cb2e.jpg,https://dp4vloz0pttrs.cloudfront.net/uploads/image/c3c50e858aeac5408ffe847453f5937cafdacb6cd1c1d493b26b8ae13843a299.jpg,https://dp4vloz0pttrs.cloudfront.net/uploads/image/6d3cb0912fa029db87069527d26e5c7910e574d9c31b850e20302417e6e1f5d4.jpg"
POI_NT_0609,https://dp4vloz0pttrs.cloudfront.net/uploads/image/06946a4e365b6f42d018d4552764aa3179768fc0fbb4b1422357db451f263cbd.jpg,"https://dp4vloz0pttrs.cloudfront.net/uploads/image/7f78625a875e2725f51225bc3163b0bd2cef0595d742b9acfa84b312c764e2a2.jpg,https://dp4vloz0pttrs.cloudfront.net/uploads/image/6e646ff5f72f5a599f600ea54c60cc4a6ee5dea1dd81f2d51e58af5dba7cf469.jpg,https://dp4vloz0pttrs.cloudfront.net/uploads/image/399f957adcf82beef91d7223e9d975745189c0fd411a4785da301185bf3aba83.jpg"
POI_NT_0611,https://dp4vloz0pttrs.cloudfront.net/uploads/image/7dd5b81ee374bd9698e05003f77c85ddb3fdfa22bd9cdf0955817a2d45db47ad.jpg,"https://dp4vloz0pttrs.cloudfront.net/uploads/image/7e000ddea9dbdcfa54ecef0362f6b7803fba3ac5523e320dc3815a0d8d2a5707.jpg,https://dp4vloz0pttrs.cloudfront.net/uploads/image/dd01983b4f441374707fc22cd855f7c3ff27657d9fa688da40b1f2210281f7b6.jpg,https://dp4vloz0pttrs.cloudfront.net/uploads/image/702573a65aebd727e4042c0d376d6de3d68624a05a78a116e277c27698978217.jpg"
POI_NT_0612,https://dp4vloz0pttrs.cloudfront.net/uploads/image/ed0c17b8d3facd09feb8cc66c00297699f04b318c487c3e26d7d12affff46f1a.jpg,"https://dp4vloz0pttrs.cloudfront.net/uploads/image/3c4ce16321fa2d9277e58785b072e43fbbc53101c8f226a230ef95f71b645528.jpg,https://dp4vloz0pttrs.cloudfront.net/uploads/image/e94bd5b2584f822e7ba0f08c7d436b3ca947a1f5f4bfdb9c278265732a92fe00.jpg,https://dp4vloz0pttrs.cloudfront.net/uploads/image/4739c546afb464a6c911c7e4fdcbf50769d5129b23346ba7442d8de05bd3ad29.jpg"
POI_NT_0613,https://dp4vloz0pttrs.cloudfront.net/uploads/image/7f74693dd06cf98b0b22b728aec7d7fb3d35356b87486c0f45d14217eed92f37.jpg,"https://dp4vloz0pttrs.cloudfront.net/uploads/image/a9dbdf19f4472787a80e4fe23e2060bce917eadb264a47238c2be6a69ebe326a.jpg,https://dp4vloz0pttrs.cloudfront.net/uploads/image/3cdfb9e87c041dc599991e62f5112741c23ca4057952769c0980cc4388d1affe.jpg,https://dp4vloz0pttrs.cloudfront.net/uploads/image/4aee58c65f3af5b4786b202bd1f3da648db8b175a63917b135420c17b09fb3ad.jpg"
POI_NT_0615,https://dp4vloz0pttrs.cloudfront.net/uploads/image/bef0dabafb8a15d65b72cf7df4e6d728b57ae46d658d52a096ef6c3041a27107.jpg,"https://dp4vloz0pttrs.cloudfront.net/uploads/image/303a94aa9fbb04526f1ca6505b8073b3805071dbe5fe24ea8aee5e22a9ea8bb6.jpg,https://dp4vloz0pttrs.cloudfront.net/uploads/image/b81f5ce436f62fb06037164b0712c39fcd7c7bbb488edd3b3a8e0e8ee7b7cb7a.jpg,https://dp4vloz0pttrs.cloudfront.net/uploads/image/e1359008c918975e96e86610420de463e04632b5f3d079c06fdc9aee7c89bf4f.jpg"
POI_NT_0616,https://dp4vloz0pttrs.cloudfront.net/uploads/image/e78c5079535b47d1ab44052b2080f02620000b93a4fbfb7b1f88be7db769ac91.jpg,"https://dp4vloz0pttrs.cloudfront.net/uploads/image/4ae9cdb169f5879c940b9c77819c9d754eaced98ad2cf46994571b0676afec6c.jpg,https://dp4vloz0pttrs.cloudfront.net/uploads/image/b8d4385e2527c28a43cb6132ca9d990626d383e8182e993d3b9feb767351ac12.jpg,https://dp4vloz0pttrs.cloudfront.net/uploads/image/36add9c968a028571adb7e6dd4355df1328113e1b77d721a3f6ceee735356287.jpg"
POI_NT_0619,https://dp4vloz0pttrs.cloudfront.net/uploads/image/e2b9835ad9ce2375a4bbb3630b68f7d9c554cf9ef0ae642f728722e094358165.jpg,"https://dp4vloz0pttrs.cloudfront.net/uploads/image/3d40715c04e0595ab645ed8e199b91caae5636c61da4a7aa4484a840eb7951c3.jpg,https://dp4vloz0pttrs.cloudfront.net/uploads/image/163065ae5ef060ddb6b2420f868f87d7808ee36faed8e98c5fb34d08cb47f829.jpg,https://dp4vloz0pttrs.cloudfront.net/uploads/image/853b5a65c30fefea898cac95bc5288ae06a40a479b6e1ba68daef0d2963e33d5.jpg"
POI_NT_0622,https://dp4vloz0pttrs.cloudfront.net/uploads/image/f936060bec6f524c375422f09afe46406f9cbcd829e7f674027380b2c0293ef0.jpg,"https://dp4vloz0pttrs.cloudfront.net/uploads/image/2c97af379e5f27aba94ba72cb51c667543386390d4243da44ea53325c611d5d3.jpg,https://dp4vloz0pttrs.cloudfront.net/uploads/image/732378db848847aad6df65de116ab91cb2f9e7ad5ff1d3aec17670bab1d48417.jpg,https://dp4vloz0pttrs.cloudfront.net/uploads/image/8dbda82c50c55bf81ee342abf38be363ad8db487bcc4c7188f3d8b73cbc31e52.jpg"
POI_NT_0624,https://dp4vloz0pttrs.cloudfront.net/uploads/image/7a65ea4032d314eec49e0cee0f1669acf8be7955f9bde2d500f08a4fac357366.jpg,"https://dp4vloz0pttrs.cloudfront.net/uploads/image/f842e1fb7f0bd75e370d40d22af3ab39a516df58f9215ed306e48d75c9672202.jpg,https://dp4vloz0pttrs.cloudfront.net/uploads/image/dc917311aa77aeebb55d0747c040b1f321b49d89c58df8c1c7babf3101747ec8.jpg,https://dp4vloz0pttrs.cloudfront.net/uploads/image/7a65ea4032d314eec49e0cee0f1669acf8be7955f9bde2d500f08a4fac357366.jpg"
POI_NT_0627,https://dp4vloz0pttrs.cloudfront.net/uploads/image/a1adc12d6cfe4475e8d05a27a64e914e673c078c7fe36f8b565f9cb5b0796a24.jpg,"https://dp4vloz0pttrs.cloudfront.net/uploads/image/b0a64f4bea8279153e8e8e42e832e38b8970d3b5b5133d078cc144aa0eec37d0.jpg,https://dp4vloz0pttrs.cloudfront.net/uploads/image/61706be32f618fb40febf9a9396f4df27dccd5d3bec4062e3712ad13bed82850.jpg,https://dp4vloz0pttrs.cloudfront.net/uploads/image/aeafd0f5fde171bacd1bc5dc31bb70c01d4c93a17f3bf9d1dcd5c7e8dfed6638.jpg"
POI_NT_0628,https://dp4vloz0pttrs.cloudfront.net/uploads/image/ef9eea6e9ad1784637c96b38de10f7f348475c1b6517efcafbb269d4e447d08b.jpg,"https://dp4vloz0pttrs.cloudfront.net/uploads/image/655a7490ecbcf0fb247f333406d495bf993c1038b24b7710c09a46d86ba79c8c.jpg,https://dp4vloz0pttrs.cloudfront.net/uploads/image/f9283bafa78277fc9f6da9ff905ec73687e0c510b2d12aac92ba4fd1c6623121.jpg,https://dp4vloz0pttrs.cloudfront.net/uploads/image/86161a24951057bff10bd395b177c660dec344a46065e60292730597ccdabf44.jpg"
POI_NT_0630,https://dp4vloz0pttrs.cloudfront.net/uploads/image/f1c770ddb4e35351396666cb32683cbcfd40df7795151a8941c726d56438f4f1.jpg,"https://dp4vloz0pttrs.cloudfront.net/uploads/image/8df34538fa0f1d3ef84dd592cf5fd77a8d40d374ca7bfc9238bc937d43795517.jpg,https://dp4vloz0pttrs.cloudfront.net/uploads/image/b840739adbf2e5e2100747bbe898614f06154919cb62137d2469a60f593fb3f5.jpg,https://dp4vloz0pttrs.cloudfront.net/uploads/image/ceeebc9adaf52e5c572e6f6a70390489daf3546b2f60cb9a5089c1780691887c.jpg"
POI_NT_0632,https://dp4vloz0pttrs.cloudfront.net/uploads/image/fa047ec6338acc3efad99a9229c56ac7463aca3dc9abb796a4f2c6b90e64a60a.jpg,https://dp4vloz0pttrs.cloudfront.net/uploads/image/15839a06718bb2695624903a2478a4f6811366274813a42bf2eff6f958ba7916.jpg
POI_NT_0633,https://dp4vloz0pttrs.cloudfront.net/uploads/image/7b9cf109c5ef1c99a4d5d49eb942819803d9941fa34e393f264569671d9dc79c.jpg,"https://dp4vloz0pttrs.cloudfront.net/uploads/image/2d9641c7bd204d3616a4c467ea2665743ad6125817c8b44d8c528416260ade5f.jpg,https://dp4vloz0pttrs.cloudfront.net/uploads/image/56f5d32a7ea5298f726d3dd10024c5bbabf0a2f7aada8c0ccbd649fa57f8d6f7.jpg,https://dp4vloz0pttrs.cloudfront.net/uploads/image/f51ae845777a7aa9185c50f00378f95d81294ac4f24669826021c3aec7b666cb.jpg"
POI_NT_0634,https://dp4vloz0pttrs.cloudfront.net/uploads/image/de7e3caffa8d17891a41e1046bcbab44872d51f910e28b8d144683e6ed4a0728.jpg,"https://dp4vloz0pttrs.cloudfront.net/uploads/image/72cce5584276aafae3f5581785565f3f8eb4d881b51210fbfbb86f16fbb1d293.jpg,https://dp4vloz0pttrs.cloudfront.net/uploads/image/3af9ad09f0a3bf6e2b7d207b08cc0c16c4e7965152a73b33099a008195a312b1.jpg"
POI_NT_0635,https://dp4vloz0pttrs.cloudfront.net/uploads/image/eb2e9e27645d3d41d76a45d6adef04c693e8163c2ec7ee2896322f39c29651cc.jpg,"https://dp4vloz0pttrs.cloudfront.net/uploads/image/ba4840b5118630103ac0a57ed4e5196eae6a3fa01e297954817a865191426173.jpg,https://dp4vloz0pttrs.cloudfront.net/uploads/image/62a617dcd60c342641b661b367e3c407cf3a74aad2f266c75bf6faf06f348897.jpg,https://dp4vloz0pttrs.cloudfront.net/uploads/image/389277c72a412556a9b46e338508df56e5f4b130cbc22a93a180b8dff59f552d.jpg"
POI_NT_0636,https://dp4vloz0pttrs.cloudfront.net/uploads/image/f328a8c8f3d060eb04fb0ef657b6bed8b275533dfaa26dd9572bbe4d670b83a2.jpg,"https://dp4vloz0pttrs.cloudfront.net/uploads/image/660c744569737e587690aaaea73a3b5ee5620def517bd115715379604b6edae1.jpg,https://dp4vloz0pttrs.cloudfront.net/uploads/image/3daeaee3f6693cb0ade9cde2e7af97845fad0b01cb725091abce9a92d81b8782.jpg,https://dp4vloz0pttrs.cloudfront.net/uploads/image/5288b993cf4671d13ea80325c1c81d4f0db4cd5b289d6fc62b831b870a486cc3.jpg"
POI_NT_0637,https://dp4vloz0pttrs.cloudfront.net/uploads/image/fec08e4d3f82f6f6f2f8fa50734dd8a4e81578f688bb2aa7c4a9f2591748523d.jpg,"https://dp4vloz0pttrs.cloudfront.net/uploads/image/cda98592fe023d358d2e633633dfdbb6e2393db3e76277b85b77464aee57be1d.jpg,https://dp4vloz0pttrs.cloudfront.net/uploads/image/8bf9ebb95e5c7e7fd433c02cb8a88f4e7d9aa9c5e40abef694ba1b2ebc2f4e9c.jpg,https://dp4vloz0pttrs.cloudfront.net/uploads/image/3833178a8700c945187689a56d28030ec02848685c32e91762e02bb66671aea8.jpg,https://dp4vloz0pttrs.cloudfront.net/uploads/image/74f9209077f4f21aebb3661025d3a494f65805f99f2c24f923c34f314625dc1d.jpg,https://dp4vloz0pttrs.cloudfront.net/uploads/image/f95215b271143b6d0c3375d8d2752ad5c9fb03c1a50f99a0b022952645c18ebd.jpg"
POI_NT_0639,https://dp4vloz0pttrs.cloudfront.net/uploads/image/7c3893d84446de2dad872a0e10fede9e7498eed5cb480bd127acbe2e4c50b3b4.jpg,"https://dp4vloz0pttrs.cloudfront.net/uploads/image/499a9b6cbe09342cdf30a3fd9a927226a8eb4c66266a8e77b4bcd36bbf07cdc5.jpg,https://dp4vloz0pttrs.cloudfront.net/uploads/image/576802bc89c08b03a5334962ca1f90206c7cd3f8b6d2361b88a9e01fa3f8d5fd.jpg,https://dp4vloz0pttrs.cloudfront.net/uploads/image/9960baeafa2a0205e2b51fd9830f0e5728309e23bdc81eaf3eea1028340ecdfd.jpg"
POI_NT_0640,https://dp4vloz0pttrs.cloudfront.net/uploads/image/cf97265bd0f0d064b10a23b03417f58ea54e4d2b70d385ad3f60d18461365cf2.jpg,"https://dp4vloz0pttrs.cloudfront.net/uploads/image/c2d75a2de1be17cbb84adfde2d24d5b57ad4dd98c2d8be832c73944f745f3808.jpg,https://dp4vloz0pttrs.cloudfront.net/uploads/image/cf97265bd0f0d064b10a23b03417f58ea54e4d2b70d385ad3f60d18461365cf2.jpg,https://dp4vloz0pttrs.cloudfront.net/uploads/image/fed8277a17d195ac8bfbef48de16cbf247c08b1cb88f98c3b67672940831e68e.jpg"
POI_NT_0666,https://dp4vloz0pttrs.cloudfront.net/uploads/image/bab6f335a17d5bcd3902116a6a71b17e750a91e2724fec6f3c8abae622b0bd3d.jpg,"https://dp4vloz0pttrs.cloudfront.net/uploads/image/445a18b219dfbab69e6f888a51b24cc89f0f43be4b2885bf58b8d26decf57b45.jpg,https://dp4vloz0pttrs.cloudfront.net/uploads/image/a5021aae59bef57830d01756eb64cfaad2abfd9af32b7698466b3c10388c767e.jpg,https://dp4vloz0pttrs.cloudfront.net/uploads/image/1aff630d3dd8211131b17eb99ca432ba2e244f09e05e05e06c95c0b8a9d74b12.jpg,https://dp4vloz0pttrs.cloudfront.net/uploads/image/1cd70be12492b20b8a5cb7a32c3453d984283cdcb23ef026259b8e0e9ae8ee83.jpg"
POI_NT_0667,https://dp4vloz0pttrs.cloudfront.net/uploads/image/ee9f271a580b1d39bdbac1fc2cedfe4a01563b1048a7818e9d42bf2f0b2e834e.png,"https://dp4vloz0pttrs.cloudfront.net/uploads/image/0f8d72b6a16cc062254a7c0f901d4fd3336d1e2fdb59321abe7ce3fd558acabc.jpg,https://dp4vloz0pttrs.cloudfront.net/uploads/image/f85a860bb7b2a5625938289592f656952e607fae61a6a1b8e2c5e2d0f714f00e.jpg,https://dp4vloz0pttrs.cloudfront.net/uploads/image/dd0351f71e7532ed9de2a11c42a8cc34b7c91f81c2dee6727a24a7f517d92a77.jpg,https://dp4vloz0pttrs.cloudfront.net/uploads/image/39be654a8915d8e5e1f16521aae22498ce3a1cf7bf80228ce713f16c1e154600.jpg"
POI_NT_0668,https://dp4vloz0pttrs.cloudfront.net/uploads/image/bccdc925738a28957f444336a8849658a89446c7b377d3f5e2e3eecf3069d4e6.jpg,"https://dp4vloz0pttrs.cloudfront.net/uploads/image/d7b2645150de22f68a09d641aacb4bc19f02901a3dc99efa522b37873318efd8.jpg,https://dp4vloz0pttrs.cloudfront.net/uploads/image/f59b292416c223086a50f3313bd7c5646327a1b2abaaa0658e850a092829bd9f.jpg,https://dp4vloz0pttrs.cloudfront.net/uploads/image/5bd131b645293adce071783c5dfa2b409ad32191413ce0daf9bc4a52df362003.jpg,https://dp4vloz0pttrs.cloudfront.net/uploads/image/f22fa803a2ab1754def6b610d5e70d5422b17b1eae09497c2c144d339a9967f2.jpg"
POI_NT_0669,https://dp4vloz0pttrs.cloudfront.net/uploads/image/cdb95cf1280f19dcfdaa78b5fc083247004206f8e5abb24e70f10c419d394e8e.jpg,"https://dp4vloz0pttrs.cloudfront.net/uploads/image/eeabab76cfe1243e502f7654fcc9ff8ef0c25042e45e05087bcca21951b04eb3.jpg,https://dp4vloz0pttrs.cloudfront.net/uploads/image/915499380aac6de591020fef0e11e580fb2f3898103aa97440245402fd47ba9f.jpg,https://dp4vloz0pttrs.cloudfront.net/uploads/image/8a9eb5274a0638741c50e3ab8c7285d4b61d58c3b7b134a93ac4c216a8a646ae.jpg,https://dp4vloz0pttrs.cloudfront.net/uploads/image/88d88041683d1f5066239f1e1d97a4df93871fbbb99feab2fef9a4779f6e76b2.jpg"
POI_NT_0670,https://dp4vloz0pttrs.cloudfront.net/uploads/image/9d539888e8baaaa209ef7f2ec4cb8b3dea1c7e62c98eb4973d3cb5433ecc94c8.jpg,"https://dp4vloz0pttrs.cloudfront.net/uploads/image/7e1bd15942002a13290dfc57cd9b34a1bc7c20224076048b762b3c4d623a6d54.jpg,https://dp4vloz0pttrs.cloudfront.net/uploads/image/578696c4c7334302828ead6e93786d9609a70f293d4ece6444fd7fbd99512582.jpg,https://dp4vloz0pttrs.cloudfront.net/uploads/image/0ebf5133c2d09e6ef38aef44f538a0d18063d44516a90694c0e195cd46c60536.jpg,https://dp4vloz0pttrs.cloudfront.net/uploads/image/224cb7556b9633a04d9659a9028207a62e1c24d418678bfdd4f0c925a8aa8aab.jpg"
POI_NT_0671,https://dp4vloz0pttrs.cloudfront.net/uploads/image/039b27b9d3106fa74c63c26f87355983920de3b4fb5676971ddcfe7c17d7179b.jpg,"https://dp4vloz0pttrs.cloudfront.net/uploads/image/76244f04fa8efd10f97e266723307e78f0d2e1d419fbf23bce38bbb251241149.jpg,https://dp4vloz0pttrs.cloudfront.net/uploads/image/d7a8699cda5a5d21af28759630b5259db7e67576b7e7a8621516774897c2c492.jpg,https://dp4vloz0pttrs.cloudfront.net/uploads/image/b9259a56f2c99195df78ed329dab112be9f4a9ac25e847898848dc8547656a3d.jpg"
POI_NT_0672,https://dp4vloz0pttrs.cloudfront.net/uploads/image/986d18d5ae2f4609bafcac14c482d59fd06b263c2d7cf35d1e26b653966d24b7.jpg,"https://dp4vloz0pttrs.cloudfront.net/uploads/image/eca312b5e1ed279a8f843437adf411b4c2291d7dcbc030ba57323e88a081fa2e.jpg,https://dp4vloz0pttrs.cloudfront.net/uploads/image/ad9e6c8f45f6316b18defcc1ce2fc2f5e55faa76ff71cc2bf91a070911a808e9.jpg,https://dp4vloz0pttrs.cloudfront.net/uploads/image/f98251080b0b2de93966fa2be5c482942e47601d55eb9182a049b33cfcf0555e.jpg"
POI_NT_0673,https://dp4vloz0pttrs.cloudfront.net/uploads/image/93b75ef43976c49cc36e2e469c2891524c109aabbb2acfbefad7e0211a94626a.jpg,"https://dp4vloz0pttrs.cloudfront.net/uploads/image/1445667b36d99f0f54929392713c20e30e72c13168e65c66e7c6e714722b379d.jpg,https://dp4vloz0pttrs.cloudfront.net/uploads/image/cc8900bdb067eeed71838a978b83f2cb17b9cfa07a13f17b0832133a302508b6.jpg,https://dp4vloz0pttrs.cloudfront.net/uploads/image/d13d94bac0e898e01590a897564b894743a5ddf03cfc5daa1d7ed3bab9cd0523.jpg,https://dp4vloz0pttrs.cloudfront.net/uploads/image/6cd07167b605fe2bba249c56c8250ca91f88af1c899008032d5a625331644d4b.jpg"
POI_NT_0674,https://dp4vloz0pttrs.cloudfront.net/uploads/image/24a6080fcf4c23a7c9351fceac65ec4edaec98bc9f60fcb07bc4762e87b1b05b.jpg,"https://dp4vloz0pttrs.cloudfront.net/uploads/image/72999ceadc47c07c8c595143f12a86be59cbe7cc46d9794d7a31a38601f90d49.jpg,https://dp4vloz0pttrs.cloudfront.net/uploads/image/23ddad8357da1b3386825f15a69d9bbe28273ed97026f8b26a5c7dae874bae1f.jpg,https://dp4vloz0pttrs.cloudfront.net/uploads/image/b48e658d2bc1e1533e2a0ae33130226d23976fa3ef0aef865ffb4c69e337c3be.jpg"
POI_NT_0727,https://dp4vloz0pttrs.cloudfront.net/uploads/image/f8d4c19a0bd6836266ad2c0cb9d92d7a61d342232a50f8fc1841d0026a590513.jpg,"https://dp4vloz0pttrs.cloudfront.net/uploads/image/e11142ce66fbb07cc15cdab6f39c9b4ef09973b60eaee4eedd1ce9b655b71f3a.jpg,https://dp4vloz0pttrs.cloudfront.net/uploads/image/ea87a2c89727cd9e40366a12c547968ebb5ea39978166851a74a6c88b5ec7577.jpg,https://dp4vloz0pttrs.cloudfront.net/uploads/image/607df34ce4d1c9686ca93eaced4ce2cbb0b521c072f16e11014baf390b4b5bba.jpg"
POI_NT_0728,https://dp4vloz0pttrs.cloudfront.net/uploads/image/a63bf00f6b295c93482f9b9188dbde455855fdb1651b7d6fe21daf6dee14400f.jpg,"https://dp4vloz0pttrs.cloudfront.net/uploads/image/d271bfa94a6c98e34ae69874b6316d69bec1c6c48ac977ec03c8362fee83b898.jpg,https://dp4vloz0pttrs.cloudfront.net/uploads/image/d4fa12081c27b316becb7df13bf41e761ba1e039e1adb4296f714642cea4cb92.jpg,https://dp4vloz0pttrs.cloudfront.net/uploads/image/5b32267d2b96dbcc129f529a0bfb850e877ff268fd29a1e1b70e21cedd6c7c03.jpg,https://dp4vloz0pttrs.cloudfront.net/uploads/image/7a8359150975bf3c58d7ea3f80d69b054a5bd4e625c94f30b3e804aea3328b13.jpg"
POI_NT_0729,https://dp4vloz0pttrs.cloudfront.net/uploads/image/04959ee95a4d917a72a55557e2b404a16de5720fbc4b2c612601523949aaecc0.jpg,"https://dp4vloz0pttrs.cloudfront.net/uploads/image/8b7f3ceda1fc422694f02652944c328bfb4efd14208feafceefd938b433dc58f.jpg,https://dp4vloz0pttrs.cloudfront.net/uploads/image/d948dca4b91a727d4bd99aa48d9156a4f10eb8599537ebb955c035085cbd0736.jpg,https://dp4vloz0pttrs.cloudfront.net/uploads/image/15868128a346cc2e66589490b80d69e437bf3bf0f56f06efb5b5e02d3599afa4.jpg,https://dp4vloz0pttrs.cloudfront.net/uploads/image/dba1b654598d64210ca7738b6a542320a576e3f2e14207e2d393a5478a2583ca.jpg"
POI_NT_0744,https://dp4vloz0pttrs.cloudfront.net/uploads/image/03192e1717cb98ecfb5e5abd4aad30e04825debbc244c32c694f53dd1c4d8641.jpg,
POI_NT_0745,https://dp4vloz0pttrs.cloudfront.net/uploads/image/bef311f8aae441f673e10c600e4f8c295d65ad8c7e68817cea5c9a4b042d09a7.webp,"https://dp4vloz0pttrs.cloudfront.net/uploads/image/ddd1c3593f9c5f71aa6166691890da47a15f8313d63f85e2463dbb95ac840b9d.jpg,https://dp4vloz0pttrs.cloudfront.net/uploads/image/db4e51691360745f066c957209bf1b7dffa3917f230ff8545418a16f2545f732.jpg"
POI_NT_0746,https://dp4vloz0pttrs.cloudfront.net/uploads/image/8b06e1bcd65f150267d816c16ace849d6dd05827126d5ccf738bf7ba0fa531a0.jpg,"https://dp4vloz0pttrs.cloudfront.net/uploads/image/76b7c34f85afc7ff064be9673d71f60c460f73cde8cf9065131d3c1df27ff73e.jpg,https://dp4vloz0pttrs.cloudfront.net/uploads/image/6a04e3e3352832f9991ae257d256db9c242f26d6518280633f96c441c6e5b84b.jpg,https://dp4vloz0pttrs.cloudfront.net/uploads/image/10bfda48f1f08dfa9cf55901482e0526c3588f50a5699ad987642bf25dbc2d9b.jpg,https://dp4vloz0pttrs.cloudfront.net/uploads/image/47dfb001a5ca42868638727f30d8c295ac9bf8dd9f509865ce580213141ebd56.jpg"
POI_NT_0749,https://dp4vloz0pttrs.cloudfront.net/uploads/image/d4ca6059a11748831f81461be69978effdf3ada6e10a219bac9bd07a7052075c.webp,"https://dp4vloz0pttrs.cloudfront.net/uploads/image/1c0438ef95d6a647107412f3faee71398b6d6a2c93ed68c4ca62555a9ce3f6fc.webp,https://dp4vloz0pttrs.cloudfront.net/uploads/image/cf7f2f803d42a79ce11efbc1098d043eba86fa3089c8dd4bdc941d1755043969.webp,https://dp4vloz0pttrs.cloudfront.net/uploads/image/156f811a8b55461ba02f0cb3bb43bd9bd23ba272608fba074fa8346f3dc873e1.webp,https://dp4vloz0pttrs.cloudfront.net/uploads/image/567e44f6fea19db3b712b604e1069c0aceb7d2ed10b36b790c5355a5faa7be89.webp"
POI_NT_0750,https://dp4vloz0pttrs.cloudfront.net/uploads/image/136579156cc707410ee77a0d9934c2375a95f0d5294fd7344d50adbee769f940.jpg,
POI_NT_0751,https://dp4vloz0pttrs.cloudfront.net/uploads/image/ccf6814700a28f3acf557fe2148a92f2e6986d61e06410faa76079a14ce19a68.jpg,"https://dp4vloz0pttrs.cloudfront.net/uploads/image/8ed5b160c3d0a4f042dfe249a51cca3f898e89735f89971ebe3c388d6b5628bd.jpg,https://dp4vloz0pttrs.cloudfront.net/uploads/image/1c69e58c326cd9426d1824cd7a9b7d44e9184700ba2e6d09c985550a3744a957.jpg,https://dp4vloz0pttrs.cloudfront.net/uploads/image/f16b1a24ffba50c819fb31c0f7210e59d25913f3bee49792ec744cf89c84c921.jpg"
POI_NT_0753,https://dp4vloz0pttrs.cloudfront.net/uploads/image/d65ae85fe0b56f36403e541d6134be467f5f5cc080e6604289b8c4de53afceb4.jpg,"https://dp4vloz0pttrs.cloudfront.net/uploads/image/d82cbc9bdc57b5d3862925b0cc91e9ac494bb74b8ef15b6241ed9592b09993a8.jpg,https://dp4vloz0pttrs.cloudfront.net/uploads/image/f1db9e1cfd24a8d333030e0b3fe897684f012176c73bb9f7bb48e1bf5b6653c1.jpg"
POI_NT_0757,https://dp4vloz0pttrs.cloudfront.net/uploads/image/6678c3e640d78b5dae805a5d41c18afcefeabf130c1d5b66bd78adac24d91de9.jpg,https://dp4vloz0pttrs.cloudfront.net/uploads/image/b5d9264f21285146083d7449fe835a8d72982b3147e380274fbd32f1db745d07.jpg
POI_NT_0760,https://dp4vloz0pttrs.cloudfront.net/uploads/image/cb74f2330786e5caa24d6b6c589487b7e3d4da081c9d8257f33732c69ad2e469.jpg,
POI_NT_0761,https://dp4vloz0pttrs.cloudfront.net/uploads/image/dd29e700cb04b9a3b0b3877e6ef73b1953cc24355b086e0a6f45c28396bc4cf7.png,
POI_NT_0850,https://dp4vloz0pttrs.cloudfront.net/uploads/image/e8de3eea810dc6d3bd95dfbcfcc83185980afa8bdd9316015b166bac86a3830f.jpg,"https://dp4vloz0pttrs.cloudfront.net/uploads/image/c8ce84dd64851d14fc0e5f2c1f38249dffce74f3024ff2e68c47fe74e50687ec.jpg,https://dp4vloz0pttrs.cloudfront.net/uploads/image/30c87818d24f18b7205236f8245fe54d887c27a764c0f34eb086bb7ab58be0c0.jpg,https://dp4vloz0pttrs.cloudfront.net/uploads/image/c8ce84dd64851d14fc0e5f2c1f38249dffce74f3024ff2e68c47fe74e50687ec.jpg"
POI_NT_0851,https://dp4vloz0pttrs.cloudfront.net/uploads/image/f485552f33c3d5488fa6a483997a941caeb4509cc4de6f146deff7d639f85ba9.jpg,"https://dp4vloz0pttrs.cloudfront.net/uploads/image/70fe3670bd43fcf1d2f7808424e5f399b60dcb6cf96108a6084f7ac6855d5135.jpg,https://dp4vloz0pttrs.cloudfront.net/uploads/image/052ca140a52e56aaaaac6bac5ca25a5482025752b6e4ab1e939d5789e3073c41.jpg,https://dp4vloz0pttrs.cloudfront.net/uploads/image/70fe3670bd43fcf1d2f7808424e5f399b60dcb6cf96108a6084f7ac6855d5135.jpg"
POI_NT_0852,https://dp4vloz0pttrs.cloudfront.net/uploads/image/e923153951657851eb0cf9a0d53fd0bff5361837673aadb9c6ac1911327afc17.jpg,"https://dp4vloz0pttrs.cloudfront.net/uploads/image/f479c3c2a31eb345e90ce7031fdb5dddc04fe835d7db9c5a97307df1fb47cdd8.jpg,https://dp4vloz0pttrs.cloudfront.net/uploads/image/f479c3c2a31eb345e90ce7031fdb5dddc04fe835d7db9c5a97307df1fb47cdd8.jpg"
POI_NT_0854,https://dp4vloz0pttrs.cloudfront.net/uploads/image/fe74af12198ec25465045af3a0aab5872e17a159f29f6558b41ca5ee76435ef8.jpg,"https://dp4vloz0pttrs.cloudfront.net/uploads/image/ef85ec8066c40ca7ff3da3c6cadfec065314dedf313c52cfcc4ae52637e78909.jpg,https://dp4vloz0pttrs.cloudfront.net/uploads/image/fe74af12198ec25465045af3a0aab5872e17a159f29f6558b41ca5ee76435ef8.jpg,https://dp4vloz0pttrs.cloudfront.net/uploads/image/5826b085813f7efb84c3730b7d9637bc4d48a7260716274235353c8e83f2e06c.jpg"
POI_NT_0856,https://dp4vloz0pttrs.cloudfront.net/uploads/image/f1d7d84aeb1e6e55cee16b05d05c2b0211535bb09d29492fef38fa38e285ed44.jpg,"https://dp4vloz0pttrs.cloudfront.net/uploads/image/e1bba5be7d2af7d1958b286849e1b5114556c204da267b07bd429ec1c583c5da.jpg,https://dp4vloz0pttrs.cloudfront.net/uploads/image/9a945573f7fd31660909fea00f42f9e4f64799905b67af0d6bacb035d8af10cf.jpg,https://dp4vloz0pttrs.cloudfront.net/uploads/image/70fad7725c703c979a78162731b6ce86d4ec47dbb8b97f575868f37438779b08.jpg,https://dp4vloz0pttrs.cloudfront.net/uploads/image/fd21d0bdf5453f6cbdff37fc157bf0e21da922b1c365e433f15e41aaf8895412.jpg"
POI_NT_0857,https://dp4vloz0pttrs.cloudfront.net/uploads/image/6d41723638be4b5f5d548a6b9efc5683ab42270009884bbf73efe824a7a139a0.jpg,"https://dp4vloz0pttrs.cloudfront.net/uploads/image/34b935cdcebaf49721d50b7cb10c9c9e88d0ef5f9172e49eea18cf3ef514f4d2.jpg,https://dp4vloz0pttrs.cloudfront.net/uploads/image/989ed29d1f4fe619c8da17f45336ff54e7fe3344549cbd164d4a77da19344723.jpg,https://dp4vloz0pttrs.cloudfront.net/uploads/image/1722c3bf6905ab5bcb6e06105676e3ca102c910451dba74ab45ca3bb7fd85a7e.jpg,https://dp4vloz0pttrs.cloudfront.net/uploads/image/0a290c8fe216292b96cd115cefc8cd25abf191aadd178c6d894f1cc4935cbecd.jpg"
POI_NT_0858,https://dp4vloz0pttrs.cloudfront.net/uploads/image/9af7622c091d2db3702f4d0793deffc92c4a28f9f3a394cd944b0de0dc101b49.jpg,"https://dp4vloz0pttrs.cloudfront.net/uploads/image/dbc19961aafec9ac502db075747bd9e14fe6964c0430b3a2e00b425838ad9506.jpg,https://dp4vloz0pttrs.cloudfront.net/uploads/image/fa2f0dee2a9647f8700d745bc30a6ebe13e65692d39ec6b92952a8e4c7e63e85.jpg,https://dp4vloz0pttrs.cloudfront.net/uploads/image/ce9535f5018c805f4e7cae64e8c90a7f749845e1e4e2cc94110152b545d241df.jpg"
POI_NT_1000,https://dp4vloz0pttrs.cloudfront.net/uploads/image/60cbc72c3541965156cb1a3c6eec682aa12be7e9c3e23a1ac358942531dea7f0.jpg,"https://dp4vloz0pttrs.cloudfront.net/uploads/image/00e266ce88e74b6312f6a77d8685991293869eb33fb85affbd3f44d6207cf4ff.jpg,https://dp4vloz0pttrs.cloudfront.net/uploads/image/ec9c171e4afc07ce7102d85aaa607cc33daf5c3aaa49dbedb2742102d87b2079.jpg,https://dp4vloz0pttrs.cloudfront.net/uploads/image/f2ce6d53b18f340c8a9653565c0457f525931b753327121eeed9eff9ce598258.jpg,https://dp4vloz0pttrs.cloudfront.net/uploads/image/726c1588756af6ad9fa19d20982dc1e497818f469c0d777f04005aea793861cd.jpg"
POI_NT_1001,https://dp4vloz0pttrs.cloudfront.net/uploads/image/07748f4036e66001cafc53e42d8bc6f84f9ea4ae8cb56cc14b4816012700a3be.png,"https://dp4vloz0pttrs.cloudfront.net/uploads/image/0189697065e979741afcaa603033e0c77aa42cd4596a641dd4e21bc21b8a2712.jpg,https://dp4vloz0pttrs.cloudfront.net/uploads/image/fcaf0c7708c86d7d0af048a824a6efda67e3457e3476efcae405aedf5d48f975.png,https://dp4vloz0pttrs.cloudfront.net/uploads/image/1441a8c50e1bf5883bbe9a7e70109ba794e33c09a528590e68a9702089355b11.jpg,https://dp4vloz0pttrs.cloudfront.net/uploads/image/db746030f3a00d3656ed581c82e2d62583011309dd9b01f2bc49afbea19cc4c5.jpg"
POI_NT_1002,https://dp4vloz0pttrs.cloudfront.net/uploads/image/a5bb66f0bba16c8acb19783fd880f6e1bd6a781b8af78dae527781fa5c8bdc99.jpg,"https://dp4vloz0pttrs.cloudfront.net/uploads/image/8de62949396088d3905457ebc164324e671dbab982e5eed8934d30ae4c9fba65.jpg,https://dp4vloz0pttrs.cloudfront.net/uploads/image/f7a837152287e20ed401a297c852e6e10816ebe5d44f00f12f4d552305314cfe.jpg,https://dp4vloz0pttrs.cloudfront.net/uploads/image/e1dac23e2eca0ce313255c964357d811b57fd055e3ab5fa7f4ea67ced7ee6dbc.jpg,https://dp4vloz0pttrs.cloudfront.net/uploads/image/86ac0ca7b04eed2531b86d7a18e69845c8d8bdb520d6a958e22d1bd237f62c15.jpg"
POI_NT_1003,https://dp4vloz0pttrs.cloudfront.net/uploads/image/78ce533577111daed3ca0f26f7ab7bcb35db3def52e3711bdbfede4d02765c28.jpg,"https://dp4vloz0pttrs.cloudfront.net/uploads/image/5f09329ed5e0726653a03a217ad1bb3a6a8927ee0c7bfea536578bfd2930589e.jpg,https://dp4vloz0pttrs.cloudfront.net/uploads/image/d3eb7b91ee4dbad670fc2b6a7f24c4182f41fe815d6a7804681fc35f390a6f7f.jpg,https://dp4vloz0pttrs.cloudfront.net/uploads/image/ab318cebd6624c41aaf92a7a994ba702167a2a75520a7140b6c0d7ba67f5098f.jpg,https://dp4vloz0pttrs.cloudfront.net/uploads/image/0e0169784d6eccba9ba74f4e77e60472a5f8b97262596a5e28543195e935b337.jpg"
POI_NT_1004,https://dp4vloz0pttrs.cloudfront.net/uploads/image/e03654211bd3815d1533590e74dda899c18b9c61f1974bbb2081ae0e9ff552a3.jpg,"https://dp4vloz0pttrs.cloudfront.net/uploads/image/637d1a139d5778c6fab7374b37d8d827bbdfe4eaa3900695da6b4964b98c7ff3.jpg,https://dp4vloz0pttrs.cloudfront.net/uploads/image/10219a2ebd9101aa675842046664b292319761654d49089af379d2d90b7aec4e.jpg,https://dp4vloz0pttrs.cloudfront.net/uploads/image/637d1a139d5778c6fab7374b37d8d827bbdfe4eaa3900695da6b4964b98c7ff3.jpg,https://dp4vloz0pttrs.cloudfront.net/uploads/image/150208b11b9ba3ae77761e3316a1b2bdcb0cd38d2cfdd1d1c0366928be1fa261.jpg"
POI_NT_1005,https://dp4vloz0pttrs.cloudfront.net/uploads/image/04d4d3f532cd245fb7a47b5c7ce1b815b9cb848f55f7da8e901c2ed6ff00bd8f.jpg,"https://dp4vloz0pttrs.cloudfront.net/uploads/image/19b8a1042f167fab0c93a030f4b86b2d4d40397934d7483ec18d3e3d22c7789d.jpg,https://dp4vloz0pttrs.cloudfront.net/uploads/image/b3925f087ae771482f96fac61092b10433ea1561830d209a9ec6b66360a5c3ec.jpg,https://dp4vloz0pttrs.cloudfront.net/uploads/image/3046a97102fcf1c936b818f388b39b46b98e9f9cc311dd3b6bd9708e91d9e4f6.jpg,https://dp4vloz0pttrs.cloudfront.net/uploads/image/3a54ca9147f66930f4b92f675d18799c413d12a7ef0c9585800144da48dd0b0f.jpg"
POI_NT_1006,https://dp4vloz0pttrs.cloudfront.net/uploads/image/2e0a061dcda37718401a3abb8d51b2cf1d91a2841dd87368fe396b2ac22e2a5d.jpg,"https://dp4vloz0pttrs.cloudfront.net/uploads/image/c8da9ba7f6fd75fb34d52cbbcc585e4608e5d37e1989da24e0b2d637b2a3b330.jpg,https://dp4vloz0pttrs.cloudfront.net/uploads/image/8ded32d9d7d84346b23dbe57adae79660cdbfea64b65945186b8083c670da8ac.jpg,https://dp4vloz0pttrs.cloudfront.net/uploads/image/670adeccc7b96f0aa62c17b49a8f968482bd40541efba5244aebe0c40fccf574.jpg,https://dp4vloz0pttrs.cloudfront.net/uploads/image/07792000c1dac91e83616b6b3e3aeb92b552d5cf13b12182944f6741fcccb77f.jpg,https://dp4vloz0pttrs.cloudfront.net/uploads/image/259afabdbf2bbebac95a51541a44d98679cf265a24fd1ea5b75f8f4ac9a50944.jpg"
POI_NT_1007,https://dp4vloz0pttrs.cloudfront.net/uploads/image/beffeb08eeb1868a6b3823e03ef1c5eb310dd3cf589fb6d789c1ad602abcf94d.jpg,"https://dp4vloz0pttrs.cloudfront.net/uploads/image/563eeb692e5f0317f6dee89e9f01ecc7048f7122e72c1bf4fc1e24be65a69447.jpg,https://dp4vloz0pttrs.cloudfront.net/uploads/image/4f1dd598b05d41f8e002fe4c89a691ea1cdfac6bb4035624b09bb8bffa41bedb.jpg,https://dp4vloz0pttrs.cloudfront.net/uploads/image/d50e1740582888cf5cdac9bc82635e3c2281445aa5d4184f497d34cfae7f0f31.jpg"
POI_NT_1008,https://dp4vloz0pttrs.cloudfront.net/uploads/image/4c93d8693cbd5de63f83497d2f6f9a308908bd4af6d371ca7d60568fb6a534fb.jpg,"https://dp4vloz0pttrs.cloudfront.net/uploads/image/2a3337a84ec7ff193c3abf78bef3d1019285cbdcefc61b74a82c0e2957e8635a.jpg,https://dp4vloz0pttrs.cloudfront.net/uploads/image/8725886ca8dd86797a620993669de613291a2382204b5c4dce95c5a5d2facd6f.jpg,https://dp4vloz0pttrs.cloudfront.net/uploads/image/73f1a35d1e62510d5f3a0796150cfd0fed49d9417c5c3cf1ca82c3481d6b1946.jpg"
POI_NT_1009,https://dp4vloz0pttrs.cloudfront.net/uploads/image/7bdef90827c32d5625738aece17b0e10cf46b7c424ba193975f6a5545f98bd78.jpg,"https://dp4vloz0pttrs.cloudfront.net/uploads/image/f3b0fb3e02fa3e81d6452cd8e7a0b1503176b4c6e8b8f6e5ed044f9479f3f881.jpg,https://dp4vloz0pttrs.cloudfront.net/uploads/image/9c76125efa96e422e63d835962fbcc4b087e62b6e7fe2a5d39911431707fa8b3.jpg,https://dp4vloz0pttrs.cloudfront.net/uploads/image/d05492d0659d75037bdfee41a46968975c107e0798776e94f03f6f2c89e5b1d0.jpg"
POI_NT_1010,https://dp4vloz0pttrs.cloudfront.net/uploads/image/708526a55eeb1a44c12796cdbf558ae0bb049f6c5da8150b1a33c1bb0abf9f20.jpg,"https://dp4vloz0pttrs.cloudfront.net/uploads/image/c38b23c2fff0aad26429e768f31608534c5d48114f3a67422263bb7ae68f579f.jpg,https://dp4vloz0pttrs.cloudfront.net/uploads/image/b1606f9d1686599e45fa8694dbfe97248ac958a2fb985e8cc4d281c5a2ed1b62.jpg"
POI_NT_1011,https://dp4vloz0pttrs.cloudfront.net/uploads/image/25b107000a199d368bab07fe0dd0546ca943fc1f870f2da7f646b04cc726b9dc.jpg,"https://dp4vloz0pttrs.cloudfront.net/uploads/image/ae5d7a15f58c35aa09291f05e4f3b591186448b1f37da10fae1f9ced9e88802a.jpg,https://dp4vloz0pttrs.cloudfront.net/uploads/image/083cfbd1e3a66ea1fe11e47d7a9ebf66dc36ca749cc7e37d2120efc63476cec3.jpg"
POI_NT_1012,https://dp4vloz0pttrs.cloudfront.net/uploads/image/466cf5e8522437707042bfd79ca9702f1f7b762aed854b1c1f154273245ecc23.jpg,"https://dp4vloz0pttrs.cloudfront.net/uploads/image/07c968fe149faba10756f719e615815d79a3b8aac53ef7d98d71db85048b088a.jpg,https://dp4vloz0pttrs.cloudfront.net/uploads/image/96af79915a2c808725d7aca4a13df24edce92c8845ee951daf23b5d97d9ee0b4.jpg"
POI_NT_1014,https://dp4vloz0pttrs.cloudfront.net/uploads/image/197ab1641b114549fd4fba9ceb32aba54196eb9ef5a2285e67369b2a792c14d5.jpg,
POI_NT_1015,https://dp4vloz0pttrs.cloudfront.net/uploads/image/4a0d0f913f992d31a6774440a6977aabbb842311d16b71a5296e19d333f8895a.jpg,https://dp4vloz0pttrs.cloudfront.net/uploads/image/41bb7d257b1bb48c8208db69d9e3e70876df531f78bab1465ceccd459c6e1fbf.jpg
POI_NT_1017,https://dp4vloz0pttrs.cloudfront.net/uploads/image/e04d3163006e639e451e101d34726e24b838dba6f3b30bffb6283680438f80d1.jpg,"https://dp4vloz0pttrs.cloudfront.net/uploads/image/f4b7f0d0c936677109bb2ad4cc53ab5fa54fd3b775155089fd21e4933588f490.jpg,https://dp4vloz0pttrs.cloudfront.net/uploads/image/76ae355c87c0e716dc2fedd551f7593ad822745b80803acce3f84df1b4ebeee6.jpg,https://dp4vloz0pttrs.cloudfront.net/uploads/image/60353b8ec0c4d048d86730d4d3995dbf82a5ff2f3254738301d71b2cff87f06a.jpg"
POI_NT_1018,https://dp4vloz0pttrs.cloudfront.net/uploads/image/8ea17dcfdc98c4c26c8682d01ae7efe2189b37f6cb2a91d074256cb699b53200.jpg,"https://dp4vloz0pttrs.cloudfront.net/uploads/image/62f504f96ad85560174213e20e767f75d800e53f55d14bac523aa13d0df7ee06.jpg,https://dp4vloz0pttrs.cloudfront.net/uploads/image/ad3d3fe0ec8a3911436c3bb766f7b9360b6fcd3ca02798f69b9af1eeef681770.jpg,https://dp4vloz0pttrs.cloudfront.net/uploads/image/aa02f0bd310295f6e91565de92aea41ebf920eeafa74031731c2c876f2a81873.jpg"
POI_NT_1019,https://dp4vloz0pttrs.cloudfront.net/uploads/image/129ccf8cf4e22cf52aa7f8f3c7fdec94dd9b0ec8e2eb5cfcb7ac463b6b171257.jpg,"https://dp4vloz0pttrs.cloudfront.net/uploads/image/df08ab83113ef271450e0e23854f6e86405857d5bad935163b3a525b949a97da.jpg,https://dp4vloz0pttrs.cloudfront.net/uploads/image/1b7cf5963c23b7ae80c3f824e7200de31ff2166de634681546221b1c91420cbf.jpg,https://dp4vloz0pttrs.cloudfront.net/uploads/image/9998d645e6adc23587c95c7a007acbf78749bbc1a31afd8c2d1549b3451a6929.jpg"
POI_NT_1020,https://dp4vloz0pttrs.cloudfront.net/uploads/image/cd8eba696fecdd407940825fecab74cb38b4270ceff87fd8327a3db0c78db73e.jpg,"https://dp4vloz0pttrs.cloudfront.net/uploads/image/55d8da01bde9984176414641a204112c036bb14beb6fa182a371069bbfa657b0.jpg,https://dp4vloz0pttrs.cloudfront.net/uploads/image/a5bdb5ea9b565950cade4b8738f42519bfe08d9994afb076ee1b5cfdab2544d0.jpg,https://dp4vloz0pttrs.cloudfront.net/uploads/image/5f1eb5d126145f36313697dd681b7c8539bdd1290e1c764e34bd70e209acdeee.jpg,https://dp4vloz0pttrs.cloudfront.net/uploads/image/4ba61203754aaa7b97fcd8be37513425f1c5c615e89e7d093efe718d9dda63c9.jpg"
POI_NT_1021,https://dp4vloz0pttrs.cloudfront.net/uploads/image/806d39a6888b66e26fa2d14c1d8cb4be1ffd9c73bf28278992eaba3844880925.jpg,"https://dp4vloz0pttrs.cloudfront.net/uploads/image/676ccfbd3a686c09871029041b3d8eb460994962f19341105fa40097a1b331c0.jpg,https://dp4vloz0pttrs.cloudfront.net/uploads/image/07f8d77e7277e42025506a2b39d803a3d1072d825986577723d44842004bf3f9.jpg,https://dp4vloz0pttrs.cloudfront.net/uploads/image/5007f01381d1f258e0408c3a955cf0f5fcd7ee8f969b6992988ac4454a1a375b.jpg"
POI_NT_1022,https://dp4vloz0pttrs.cloudfront.net/uploads/image/1197a55540b1f32fbb17ff655d6d0f33c372026092268c63d9304deef2ebb7ec.jpg,"https://dp4vloz0pttrs.cloudfront.net/uploads/image/38dddd8941fd332b5c3bb2a3347b4b49311d13d087dcea573683fda5a9edc193.jpg,https://dp4vloz0pttrs.cloudfront.net/uploads/image/fa1347691a4ba9911ab667256ac0cf561687a39741ce6fc885f9518fd9cf8417.jpg,https://dp4vloz0pttrs.cloudfront.net/uploads/image/3ff940e1ae1f1e1322529ce40258c0cb275f165e6be9cd7a6a7b4c83581f8668.jpg"
POI_NT_1023,https://dp4vloz0pttrs.cloudfront.net/uploads/image/3f7551b2434766df69df5a29386be72f50692b5e028b6547dc2954871740f849.jpg,"https://dp4vloz0pttrs.cloudfront.net/uploads/image/184fad00971817176e1463b6b444c49914bf67438c9bb6c05a0ca34b8bf85050.jpg,https://dp4vloz0pttrs.cloudfront.net/uploads/image/98d128bcfbc43e849ec60b75257ef1155fcfa9a826fd622207456de20335d150.jpg,https://dp4vloz0pttrs.cloudfront.net/uploads/image/867f0a022ffdcc01829699752b94a14360143cadeaba59c187e6c412ab08b2f4.jpg,https://dp4vloz0pttrs.cloudfront.net/uploads/image/3cd2f32767324ccebad7862a7d5f114d00ecfb5b811e3a04c8ec99cae34d72f2.jpg"
POI_NT_1024,https://dp4vloz0pttrs.cloudfront.net/uploads/image/5c0cdf05dd8b6768fe029b28712d4eecc318810d7c049f7ddcde07dd38357240.jpg,"https://dp4vloz0pttrs.cloudfront.net/uploads/image/9fb44069b0ffe09080fd0c41ac7fc8b67abd74746e3d2208ab29ec9a847a1ea5.jpg,https://dp4vloz0pttrs.cloudfront.net/uploads/image/ba20cafc93e500edf597954dccf0eb3b9a5e5724044f9e9d5045e71ede1487ce.jpg,https://dp4vloz0pttrs.cloudfront.net/uploads/image/6ca3b379d35baaa1528866a28cd08262957d46de77d055efb2961df8819fecac.jpg"
POI_NT_1025,https://dp4vloz0pttrs.cloudfront.net/uploads/image/d861b6e39e03a4304b22f0d313d17e96d6305aa23102fa930287f71ad7746556.jpg,"https://dp4vloz0pttrs.cloudfront.net/uploads/image/7a71908ad7784c3aa19779ad263d3bc521ba658c2d75cb10565694f39dec5d17.jpg,https://dp4vloz0pttrs.cloudfront.net/uploads/image/5a19ad946fdc7ae9d68834598a7115adf3338c204826cd9f4642e5a6cb219fcf.jpg,https://dp4vloz0pttrs.cloudfront.net/uploads/image/48bd214a33e89bed047a30d85a3973f65a15e4d0f2b08b3d984333a71e0327d2.jpg"
POI_NT_1026,https://dp4vloz0pttrs.cloudfront.net/uploads/image/9152eac3e1700089a3b68a12aafec483723016f0f18840d8dc9a52e41c8d3a82.jpg,"https://dp4vloz0pttrs.cloudfront.net/uploads/image/356d572fe1d07abe945abfa4aedc47ce47c8879efd12b27c52a5358d89e73ca4.png,https://dp4vloz0pttrs.cloudfront.net/uploads/image/8c20630188e881a2a7d2f9f5e99530d4494e0c541a86c0eece100031e525a2f3.jpg,https://dp4vloz0pttrs.cloudfront.net/uploads/image/2a7d4c802104579ac032fd20e1e24371d6ce9e0f54f3cb11e89ebad22a1a44d5.jpg"
POI_NT_1027,https://dp4vloz0pttrs.cloudfront.net/uploads/image/0a27c39959cc6082fdde8a59af5f6bc02bc0eb57fb8cc1269198d68c382ab8ae.jpg,"https://dp4vloz0pttrs.cloudfront.net/uploads/image/7443c4318444e04a393f309c7eb292c9c360547263cd6f2b966299e01ce6f8db.jpg,https://dp4vloz0pttrs.cloudfront.net/uploads/image/9bb5ef6c426e482c8a84c4fc95bb0717aa86d695cffdefdab452781126b6b73f.jpg,https://dp4vloz0pttrs.cloudfront.net/uploads/image/be5b3ef94577893a4c01127b01a727ceea2179567b0bfe79388dc2c87b990b60.jpg"
POI_NT_1028,https://dp4vloz0pttrs.cloudfront.net/uploads/image/3c22943ec18b75a847fbf94d509bb93b3a11ded98feede675114990dc8027504.jpg,"https://dp4vloz0pttrs.cloudfront.net/uploads/image/2f89354e7218f3eafe34fe5760f0f2cee5361aa28d90b2fcc0abe51d587bea44.jpg,https://dp4vloz0pttrs.cloudfront.net/uploads/image/28499f2d6e8f15e8bec0325d746af4c4ec673d1776609e679db2b047eb8baeca.jpg,https://dp4vloz0pttrs.cloudfront.net/uploads/image/71c7d4b4305b79eefcdf76ff5caddaf12df2aa3a06652df4961f0e8a69cb93ab.jpg"
POI_NT_1029,https://dp4vloz0pttrs.cloudfront.net/uploads/image/689d7a9f720103dae950c5b8c1903977d684d7ec2e9538c9eedceeb7a3f62a70.jpg,"https://dp4vloz0pttrs.cloudfront.net/uploads/image/a982f1271a8de16f94e97b190e678fb0e637f1f72613b92fabae377bfa59ff60.jpg,https://dp4vloz0pttrs.cloudfront.net/uploads/image/77e202c4fdc86195206b21f33b5bd9b45cd575e13c2cfc5d265d1cb96664d6b2.jpg,https://dp4vloz0pttrs.cloudfront.net/uploads/image/d07736fe77cae919db98a6b085b40f7245b3f9157ef8a80543dcd9c07bf57a1a.png"
POI_NT_1030,https://dp4vloz0pttrs.cloudfront.net/uploads/image/0bc322ea488ae6997af6b16b9b587e5553b0aadf8e7c7742cff37498fc85e9d3.jpg,"https://dp4vloz0pttrs.cloudfront.net/uploads/image/228c1fbceebe5bce5441fa3875f4a8be977c77b36fbc6e3bd4e63d54b73d6a66.jpg,https://dp4vloz0pttrs.cloudfront.net/uploads/image/fe1d3485c7044c80617ee6b91f697e4fe129651148afd3d1620c4085867af21d.jpg"
POI_NT_1031,https://dp4vloz0pttrs.cloudfront.net/uploads/image/cce53b1fa24765ab47ce747e46618f38dfe489388d3b4b8e8e7701ce3fd7eb38.jpg,"https://dp4vloz0pttrs.cloudfront.net/uploads/image/aae0778e8ed0bc56f8cf0efc38ec516851233e64679ead2f392532c000c2fb41.jpg,https://dp4vloz0pttrs.cloudfront.net/uploads/image/7c75d6df308a324420ed2cdf395e18434c937e30887d42a2e2fdb19cbffb3582.jpg"
POI_NT_1034,https://dp4vloz0pttrs.cloudfront.net/uploads/image/d53cad917b1d54617dbeb890885ed342d53ffb003490ccdce4ff1daf74d1c89b.jpg,"https://dp4vloz0pttrs.cloudfront.net/uploads/image/150fd384a0f08801b284b0896bb057524c24adf8642ec352294d5dd63670bdd6.jpg,https://dp4vloz0pttrs.cloudfront.net/uploads/image/6a542cf87017ad945cc85fa724e4875246b5d070b4752c05db41aa210e497539.jpg,https://dp4vloz0pttrs.cloudfront.net/uploads/image/a5c66bbb2ae33d6baca73cb308eccefa11391943db0b27db87a9eb0633d2a7ed.jpg"
POI_NT_1035,https://dp4vloz0pttrs.cloudfront.net/uploads/image/1f8fa11eabb20e9181c94a3df7feeb5c0481308cd88b446441726157d91e501c.jpg,"https://dp4vloz0pttrs.cloudfront.net/uploads/image/aa9f843333599f58bd26674e1535e16b42d3d3fecdab1aa16bce810490109185.jpg,https://dp4vloz0pttrs.cloudfront.net/uploads/image/4b135d4ddc93d7be24d3af93e026f6141dee0e9a9533e75209c510b0bc7264c2.jpg,https://dp4vloz0pttrs.cloudfront.net/uploads/image/7465643992f03c4500c2a5067bc1916387142d28dd4c7d476770b6c252d79c75.jpg,https://dp4vloz0pttrs.cloudfront.net/uploads/image/bbf25cd30643039619cc59ec40a1be30b3b33fe86a656b32c93ec409473f2531.jpg"
POI_NT_1036,https://dp4vloz0pttrs.cloudfront.net/uploads/image/8ab5a48402c1ada410a9d2484732449a95ebbe6c5b23605dcfdc7002647a1887.jpg,"https://dp4vloz0pttrs.cloudfront.net/uploads/image/90012ddc5477d1287116b9ecd10206725019d076d2a5cea06d56318b19729258.jpg,https://dp4vloz0pttrs.cloudfront.net/uploads/image/7a2599943cbd3f3d6c47d5b44e7749222a262c7e26917ecb0fa06e36936baae5.jpg,https://dp4vloz0pttrs.cloudfront.net/uploads/image/bec8d047ea39216764d8cf9a2e8caa886b5e6026ca74e0dd9b762ef2b9ca8dab.jpg,https://dp4vloz0pttrs.cloudfront.net/uploads/image/0f9ff994f6cf3266b9e8de20e1269ee834399c0272cdfb3990907ab820c5ce6f.jpg"
POI_NT_1038,https://dp4vloz0pttrs.cloudfront.net/uploads/image/fca565964f73b020a5ff0a524979e3043c8278587bec253402e75346b61e0062.jpg,"https://dp4vloz0pttrs.cloudfront.net/uploads/image/84fd5d70776ec96287bb67dfb3d82f8874b48865883656ddf46e7f0a4d05666e.jpg,https://dp4vloz0pttrs.cloudfront.net/uploads/image/0326f7f85c888911b5e9a9f9dd9c4a3bf14c1b0bc2b2ce080677ee6dcb4bf156.jpg,https://dp4vloz0pttrs.cloudfront.net/uploads/image/27e6d2be116f2ebc1db9ab1fdb3f736f3456adc2f18229558f26c33fe8232bed.jpg,https://dp4vloz0pttrs.cloudfront.net/uploads/image/917876400cf144e27288a442692494152cc8059059518b3087bc8b338be36bfb.jpg"
POI_NT_0747,,"https://dp4vloz0pttrs.cloudfront.net/uploads/image/bbcaa7fb74342ca884eb0d502464495b8bda83354374d0f9ff0012fb2a1d6469.webp,https://dp4vloz0pttrs.cloudfront.net/uploads/image/3f28538306cf0ea0d11abb2193f4cfbd9241e61341ed47dd31fcc8d4a29072a0.webp,https://dp4vloz0pttrs.cloudfront.net/uploads/image/535469295e0ad69df6dff56a261dfb5c0c562f8fc0ef43e80cff168f44ab2a76.webp"
POI_NT_0748,,"https://dp4vloz0pttrs.cloudfront.net/uploads/image/33104a3a2c531e8f9c0d82185261409523c404bca3df7691b5d1d6a3a374a3fa.webp,https://dp4vloz0pttrs.cloudfront.net/uploads/image/07d43e2954b2e06b080a9ad5e75c2e73243ab425931e633145943b6db5f7427a.webp,https://dp4vloz0pttrs.cloudfront.net/uploads/image/35a4d70b897aaec3689bf06d51e0258350e0e9d0ebfd464c9e2d4c94b9962eee.webp"
